cid;new_cid;channel_id;LANGUAGE;title;description;Provider_id;author;release_date;episode_count;play_count;sub_count;comment_count;categories;keywords;tags;rss_url;small_cover_url;big_cover_url
479484;0;3f316ad6f10b78bb6cef258654ee4de9cabdac3e;FR (FR);Psychoses;Chaleureuse, cultivée, marrante, Agathe a 27 ans et souffre de délires schizophrènes. Lors de son rendez-vous chez le psy, elle raconte les voix dans sa tête, mais aussi ses lectures et sa vie 'normale'. Agathe nous ressemble. Une série documentaire sur l'ordinaire de la folie.;;ARTE Radio;2007-06-13 00:00:00 UTC;5;143;47;0;Portraits;News & Politics,Government & Organizations,Society & Culture;evst-user-add;https://www.arteradio.com/xml_sound_serie?seriename=PSYCHOSES;https://www.arteradio.com/sites/default/files/pictures/Bonbons.jpg;https://www.arteradio.com/sites/default/files/pictures/Bonbons.jpg
409232;474822;dfd0d7818e94d6c3360d9457c8c78e358d9e84e1;FR (FR);Le mike et l'enclume;Le rendez-vous mensuel de la culture rap animé par Jérôme Larcin. Bons sons, critiques affûtées libres et bonne humeur : un podcast ARTE Radio.;Natif;ARTE Radio;2018-04-24 12:03:42 UTC;35;38;1;0;Musique;News & Politics,Government & Organizations,Society & Culture;;"http://arteradio.com/xml_sound_serie?seriename=""LE%20MIKE%20ET%20L'ENCLUME""";http://is5.mzstatic.com/image/thumb/Music71/v4/f1/86/6c/f1866ca7-4b69-4177-634e-bc694568daa0/source/100x100bb.jpg;http://is5.mzstatic.com/image/thumb/Music71/v4/f1/86/6c/f1866ca7-4b69-4177-634e-bc694568daa0/source/600x600bb.jpg
466110;480957;54b48de889b91293f876cc934b351a5bf50c0c2f;FR (FR);Pelles et râteaux;Une collection de témoignages intimes autour du délicat moment du passage à l’acte. Allez-vous embrasser ou tourner la tête ? Et des années plus tard, raconter votre meilleure pelle ou votre pire râteau ? Dix épisodes de 2 à 4 minutes comprenant chacun deux récits en miroir. Soit vingt moments décisifs à partager. Une production de Jeanne Robet pour ARTE Radio.;Radio;ARTE Radio;2016-09-27 12:06:53 UTC;10;1;7;0;Sexualité;News & Politics,Government & Organizations,Society & Culture;;http://www.arteradio.com/xml_sound_serie?seriename=PELLES%20ET%20RÂTEAUX;http://is1.mzstatic.com/image/thumb/Music19/v4/e9/8d/d8/e98dd82d-6a7e-ec1d-9f02-4f25f2bf4b36/source/100x100bb.jpg;http://is1.mzstatic.com/image/thumb/Music19/v4/e9/8d/d8/e98dd82d-6a7e-ec1d-9f02-4f25f2bf4b36/source/600x600bb.jpg
466603;482005;8db61c9b9a3536cfd16402a77a4e7cfb76a96a57;FR (FR);Cent façons de disparaître;Cernée par les ondes, surveillée par les réseaux, une jeune femme rêve de disparaître. Mais il n’y a pas d’application pour ça... Une fiction rebelle de Claire Richard tapie dans l'ombre numérique pour ARTE Radio.;Radio;ARTE Radio;;5;1;0;0;Littérature;News & Politics,Government & Organizations,Society & Culture;;"http://www.arteradio.com/xml_sound_serie?seriename=""CENT%20FAÇONS%20DE%20DISPARAÎTRE""";http://is4.mzstatic.com/image/thumb/Music122/v4/73/0a/1e/730a1ea0-5f9d-045d-333f-d889ebfe985c/source/100x100bb.jpg;http://is4.mzstatic.com/image/thumb/Music122/v4/73/0a/1e/730a1ea0-5f9d-045d-333f-d889ebfe985c/source/600x600bb.jpg
466499;998218;cb7909d839c9c25b4105b67b39b0cd971579964a;FR (FR);Le vaisseau spécial;Gaël, jeune chômeur breton, est enlevé par Grischkor et Iga, un couple d'extraterrestres un peu cons. La première comédie sonore de Frank Bellocq (Groland), une saga galactique en hommage aux feuilletons radio;Radio;ARTE Radio;2009-12-22 00:00:00 UTC;12;0;1;0;Littérature;News & Politics,Government & Organizations,Society & Culture;;"http://www.arteradio.com/xml_sound_serie?seriename=""LE%20VAISSEAU%20SPÉCIAL""";http://is4.mzstatic.com/image/thumb/Music111/v4/bd/12/8e/bd128ed9-a260-4116-2e81-c650fd511303/source/100x100bb.jpg;http://is4.mzstatic.com/image/thumb/Music111/v4/bd/12/8e/bd128ed9-a260-4116-2e81-c650fd511303/source/600x600bb.jpg
466113;474821;aee500918c71352f6bf93e7d51833aaee5be4cbc;FR (FR);Flicopolis;Enquêtes, indics, interpellations… Un officier des stups raconte son quotidien dans l’univers du trafic de drogue en banlieue parisienne. Une production de Merry Royer pour ARTE Radio.;Radio;ARTE Radio;2016-06-28 07:19:17 UTC;8;0;1;0;Portraits;News & Politics,Government & Organizations,Society & Culture;;http://www.arteradio.com/xml_sound_serie?seriename=FLICOPOLIS;http://is4.mzstatic.com/image/thumb/Music111/v4/50/3e/4d/503e4d05-1892-9f59-8526-c1388c410fe3/source/100x100bb.jpg;http://is4.mzstatic.com/image/thumb/Music111/v4/50/3e/4d/503e4d05-1892-9f59-8526-c1388c410fe3/source/600x600bb.jpg
466036;479319;9df189eec61d0f826d08a53f7c5354a2061eb678;FR (FR);A la campagne;Après 15 ans à Paris et en banlieue, Emma s'installe à la campagne. Nouvelle école, nouveaux voisins, nouvelle vie : elle nous racontera tout. Premier épisode : la rentrée des écoliers.;Radio;ARTE Radio;2009-06-23 00:00:00 UTC;7;0;1;0;Portraits;News & Politics,Government & Organizations,Society & Culture;;http://www.arteradio.com/xml_sound_serie?seriename=A%20LA%20CAMPAGNE;https://www.arteradio.com/sites/default/files/pictures/Bonbons.jpg;https://www.arteradio.com/sites/default/files/pictures/Bonbons.jpg
86904;0;27fcc59f03be5db52d60ce87483b914515e71f9f;FR (FR);Afrique : 50 ans d'indépendance - Tchad;Le podcast du web-documentaire d'ARTE Reportage consacré aux indépendances de l'Afrique.;Radio;ARTE Reportage;2000-03-01 19:37:00 UTC;38;19;6;0;Histoire;indépendance,TV & Film,ARTE,Reportage,TV & Film/(None),Tchad,Afrique,(None);evst-user-add;http://feeds.feedburner.com/artereportage-afrique-20;https://is4-ssl.mzstatic.com/image/thumb/Music4/v4/8c/d6/d4/8cd6d4cf-06b2-10d6-f2ac-22c81613e0a1/source/100x100bb.jpg;https://is4-ssl.mzstatic.com/image/thumb/Music4/v4/8c/d6/d4/8cd6d4cf-06b2-10d6-f2ac-22c81613e0a1/source/600x600bb.jpg
391162;0;818098b2e5c278c0871e7187b04587fbfbf29940;FR (FR);Le Réveil Chérie de Vincent Cerutti;"Retrouvez tous les podcasts de l'émission ""Le Réveil Chérie de Vincent Cerutti"" !";;ChérieFm;2018-03-14 23:00:00 UTC;1905;76;27;0;Fun;Music,Vincent,Cerutti,Chérie,Réveil;evst-user-add;;http://is1.mzstatic.com/image/thumb/Music71/v4/65/88/97/65889767-4a74-f3ee-0da9-15972f6562d1/source/100x100bb.jpg;http://is1.mzstatic.com/image/thumb/Music71/v4/65/88/97/65889767-4a74-f3ee-0da9-15972f6562d1/source/600x600bb.jpg
371860;372213;ba9a384169c85fd8a9fde5705714ece3c0ee8af3;FR (FR);Ca pique mais c'est bon - Anne Roumanoff;Anne Roumanoff croque avec impertinence et humour celles et ceux qui font l’actualité.;Radio;Europe 1;;25;134;9;0;Fun;;;http/ssssssss.xml;http://is4.mzstatic.com/image/thumb/Music41/v4/ca/70/61/ca706130-6be4-4b0a-a305-07cdd8379a45/source/100x100bb.jpg;http://is4.mzstatic.com/image/thumb/Music41/v4/ca/70/61/ca706130-6be4-4b0a-a305-07cdd8379a45/source/600x600bb.jpg
371743;0;f695c8e68f88f8d4a6cebce2462003b9d7bea361;FR (FR);Le kiosque de Samuel Etienne;Elisabeth Assayag, Nicolas Carreau et Marion Calais font le point sur l'actualité du jour.;Radio;Europe 1;2017-07-07 03:45:00 UTC;25;113;11;0;Reportages Actualité;;;http://cdn2-europe1.new2.ladmedia.fr/var/exports/podcasts/sound/le-kiosque-de-samuel-etienne.xml;http://is4.mzstatic.com/image/thumb/Music42/v4/98/17/7a/98177a49-1cc3-a3f1-4325-345013f130b4/source/100x100bb.jpg;http://is4.mzstatic.com/image/thumb/Music42/v4/98/17/7a/98177a49-1cc3-a3f1-4325-345013f130b4/source/600x600bb.jpg
137740;0;58cf75deac00d4e1a91051cd8a4420be6a5325b7;FR (FR);En français dans le texte;Jonas Karlsson sur Europe 1;Radio;Europe 1;2015-06-28 13:43:00 UTC;26;105;49;0;Reportages Culturels;;;http://cdn-europe1.new2.ladmedia.fr/var/exports/podcasts/sound/nicolas-carreau.xml;http://is5.mzstatic.com/image/thumb/Music4/v4/5a/30/93/5a309351-3a6d-e487-c5b8-ea63dd428242/source/100x100bb.jpg;http://is5.mzstatic.com/image/thumb/Music4/v4/5a/30/93/5a309351-3a6d-e487-c5b8-ea63dd428242/source/600x600bb.jpg
430402;0;2811b8b0c6d63e3c18caca1ff5dbfaf2e70cac70;FR (FR);La libre antenne de Caroline Dublanche et Sophie Peters;La vie se montre parfois dure, mais Europe 1 est là. 2h30 de direct chaque soir pour mieux se comprendre, évoquer doutes et fragilités mais aussi désirs et moments de bonheur. Le climat est à la confiance, à l’apaisement et au partage d’expériences : il s’agit pour chacun de trouver en lui-même des clés pour surmonter les difficultés de l’existence. Et la vie n’est plus si difficile !;Radio;Europe 1;2018-05-14 20:30:00 UTC;30;102;0;0;Développement Personnel;Kids & Family;;http://cdn-new-europe1.ladmedia.fr/var/exports/podcasts/sound/libre-antenne.xml;https://cdn-europe1.new2.ladmedia.fr/var/europe1/storage/images/media/podcasts/la-libre-antenne-de-caroline-dublanche-et-sophie-peters/512592-10-fre-FR/La-libre-antenne-de-Caroline-Dublanche-et-Sophie-Peters.jpg;https://cdn-europe1.new2.ladmedia.fr/var/europe1/storage/images/media/podcasts/la-libre-antenne-de-caroline-dublanche-et-sophie-peters/512592-10-fre-FR/La-libre-antenne-de-Caroline-Dublanche-et-Sophie-Peters.jpg
382057;0;479a76d9a28324ee1375a1668ae2722a0cb78939;FR (FR);La revue de presque de Nicolas Canteloup;La revue de presque quotidienne de Nicolas Canteloup sur Europe 1.;Radio;Europe 1;2018-05-14 06:42:00 UTC;50;93;10;0;Fun;Games & Hobbies;;http://cdn-new-europe1.ladmedia.fr/var/exports/podcasts/sound/revue-de-presque.xml;https://cdn-europe1.new2.ladmedia.fr/var/europe1/storage/images/media/podcasts/la-revue-de-presque-de-nicolas-canteloup/511584-9-fre-FR/La-revue-de-presque-de-Nicolas-Canteloup.jpg;https://cdn-europe1.new2.ladmedia.fr/var/europe1/storage/images/media/podcasts/la-revue-de-presque-de-nicolas-canteloup/511584-9-fre-FR/La-revue-de-presque-de-Nicolas-Canteloup.jpg
573049;0;6ca00c9276c82c208fbf7a561343a3e498e7a3df;FR (FR);Au cœur de l'histoire de Franck Ferrand;Une formule enrichie pour faire revivre l’Histoire des grands personnages, voyager à travers les époques et découvrir le passé des monuments et des villes de France. #ACDH;Radio;Europe 1;2018-05-14 12:00:00 UTC;50;93;4;0;Histoire;Society & Culture;evst-user-add;http://www.europe1.fr/podcasts/au-coeur-de-l-histoire.xml;https://cdn-europe1.new2.ladmedia.fr/var/europe1/storage/images/media/podcasts/au-coeur-de-l-histoire-de-franck-ferrand/511612-9-fre-FR/Au-coeur-de-l-histoire-de-Franck-Ferrand.jpg;https://cdn-europe1.new2.ladmedia.fr/var/europe1/storage/images/media/podcasts/au-coeur-de-l-histoire-de-franck-ferrand/511612-9-fre-FR/Au-coeur-de-l-histoire-de-Franck-Ferrand.jpg
446271;0;6ad554d82083f7361d32af3b23c6f016090997aa;FR (FR);L'édito économique d'Axel de Tarlé;Axel de Tarlé s'intéresse à l'actualité économique du jour.;Radio;Europe 1;2018-05-14 05:44:00 UTC;30;87;1;0;Reportages Actualité;News & Politics;;http://cdn1-europe1.new2.ladmedia.fr/var/exports/podcasts/sound/le-journal-de-l-eco.xml;https://cdn-europe1.new2.ladmedia.fr/var/europe1/storage/images/media/podcasts/l-edito-economique-d-axel-de-tarle/511892-10-fre-FR/L-edito-economique-d-Axel-de-Tarle.jpg;https://cdn-europe1.new2.ladmedia.fr/var/europe1/storage/images/media/podcasts/l-edito-economique-d-axel-de-tarle/511892-10-fre-FR/L-edito-economique-d-Axel-de-Tarle.jpg
36969;0;832625bd7600de9be598d2eed8eef96616a253ca;FR (FR);Les secrets politiques;Toute l’actualité politique par la rédaction web et radio d’Europe 1 : les projets de loi, l'actualité du président de la République, le travail du gouvernement, la vie de l'Assemblée nationale. Les dernières infos, les enquêtes, les interviews, les analyses de nos éditorialistes.;Radio;Europe 1;2016-05-30 05:25:00 UTC;30;78;112;0;Politique;;;http://cdn-europe1.new2.ladmedia.fr/var/exports/podcasts/sound/Caroline-Roux.xml;http://is2.mzstatic.com/image/thumb/Music4/v4/f5/25/71/f52571e7-c27d-c328-2dc7-2b4a7eb69fb8/source/100x100bb.jpg;http://is2.mzstatic.com/image/thumb/Music4/v4/f5/25/71/f52571e7-c27d-c328-2dc7-2b4a7eb69fb8/source/600x600bb.jpg
378809;0;76d44dbc334356bcc215b607a129f364b9d65e87;FR (FR);La bande à Roumanoff;Les chroniques humour par La bande des chroniqueurs ;Radio;Europe 1;2017-08-18 10:00:00 UTC;30;60;23;0;Fun;;;http://cdn-europe1.new2.ladmedia.fr/var/exports/podcasts/sound/la-bande-a-roumanoff.xml;http://is3.mzstatic.com/image/thumb/Music62/v4/b3/a9/6c/b3a96c9c-6e14-bee2-09db-2161cce1c2a4/source/100x100bb.jpg;http://is3.mzstatic.com/image/thumb/Music62/v4/b3/a9/6c/b3a96c9c-6e14-bee2-09db-2161cce1c2a4/source/600x600bb.jpg
535261;0;c47907777ab02a32886a0d0b254a80f9db700559;FR (FR);L'interview de Thomas Sotto;L'interviews des personnalités ;Radio;Europe 1;2017-07-07 05:46:00 UTC;30;58;0;0;Reportages Actualité;;;http://cdn1-europe1.new2.ladmedia.fr/var/exports/podcasts/sound/L-interview-verite-Thomas-Sotto.xml;http://cdn-europe1.new2.ladmedia.fr/var/europe1/storage/images/media/podcasts/l-interview-de-thomas-sotto/519536-4-fre-FR/L-interview-de-Thomas-Sotto.jpg;http://cdn-europe1.new2.ladmedia.fr/var/europe1/storage/images/media/podcasts/l-interview-de-thomas-sotto/519536-4-fre-FR/L-interview-de-Thomas-Sotto.jpg
356486;0;abd5833974ff7eb7534ad31ba867d1a2e24cc07e;FR (FR);Culture d'été : le conseil de lecture - Nicolas Carreau;Les idées de lecture avec Nicolas Carreau;Radio;Europe 1;2017-08-25 05:40:00 UTC;30;55;2;0;Littérature;;;http://cdn3-europe1.new2.ladmedia.fr/var/exports/podcasts/sound/culture-dete-nicolas-carreau.xml;http://is5.mzstatic.com/image/thumb/Music118/v4/99/75/67/997567ac-efde-f081-6ffa-c401a65e53ee/source/100x100bb.jpg;http://is5.mzstatic.com/image/thumb/Music118/v4/99/75/67/997567ac-efde-f081-6ffa-c401a65e53ee/source/600x600bb.jpg
354685;0;9ad706ef3d6f14732d7e7e35166d2f5d9079019c;FR (FR);Le débrief de Matthieu Noël;Matthieu Noël présente son debrief d'Europe 1 midi.;Radio;Europe 1;2017-06-16 11:32:00 UTC;25;52;2;0;Fun;;;http://cdn2-europe1.new2.ladmedia.fr/var/exports/podcasts/sound/le-débrief-de-Matthieu-Noel.xml;http://cdn-europe1.new2.ladmedia.fr/var/europe1/storage/images/media/podcasts/le-debrief-de-matthieu-noel/21422539-2-fre-FR/le-debrief-de-Matthieu-Noel.jpg;http://cdn-europe1.new2.ladmedia.fr/var/europe1/storage/images/media/podcasts/le-debrief-de-matthieu-noel/21422539-2-fre-FR/le-debrief-de-Matthieu-Noel.jpg
180553;0;c7e5e6de7ff1e4c4064fd53df0416dd997dd9a6a;FR (FR);L'édito politique de Catherine Nay;Chaque semaine, l'édito politique de Catherine Nay;Radio;Europe 1;2015-06-27 06:16:00 UTC;30;46;50;0;Reportages Actualité;;;http://cdn-europe1.new2.ladmedia.fr/var/exports/podcasts/sound/l-edito-de-catherine-nay.xml;http://is1.mzstatic.com/image/thumb/Music3/v4/0c/08/f2/0c08f221-6b15-b016-c73e-ad95e1f74bf5/source/100x100bb.jpg;http://is1.mzstatic.com/image/thumb/Music3/v4/0c/08/f2/0c08f221-6b15-b016-c73e-ad95e1f74bf5/source/600x600bb.jpg
307507;0;1bc42e5d2e9bcf76828c420bf84938f5c4a47a53;FR (FR);L'histoire vraie... ou pas ! de Pierre Bellemare;Tous les jours, Pierre Bellemare vous fait part d'une histoire incroyable. Est-elle vraie? Est-elle fausse? À vous de le découvrir;Radio;Europe 1;2015-06-16 22:00:00 UTC;30;45;30;0;Fun;;;http://cdn3-europe1.new2.ladmedia.fr/var/exports/podcasts/sound/Les-histoires-de-Pierre-Bellemare.xml;http://cdn-europe1.new2.ladmedia.fr/var/europe1/storage/images/media/podcasts/l-histoire-vraie-ou-pas-de-pierre-bellemare/519760-1-fre-FR/L-histoire-vraie-ou-pas-!-de-Pierre-Bellemare.jpg;http://cdn-europe1.new2.ladmedia.fr/var/europe1/storage/images/media/podcasts/l-histoire-vraie-ou-pas-de-pierre-bellemare/519760-1-fre-FR/L-histoire-vraie-ou-pas-!-de-Pierre-Bellemare.jpg
393576;0;326d26dff9d88ac7f4b2b84087bb405fe6fb707b;FR (FR);Europe 1 - L'interview d'Europe 1 Soir;Chaque matin, retrouvez l'interview de la Matinale à 8h15.;Radio;Europe 1;2018-05-14 09:20:37 UTC;1;42;48;0;Reportages Actualité;News & Politics;evst-user-add;http://cdn-europe1.new2.ladmedia.fr/var/exports/podcasts/sound/l-interview-de-claude-askolovitch.xml;https://cdn-europe1.new2.ladmedia.fr/var/europe1/storage/images/media/podcasts/europe-1-l-interview-d-europe-1-soir/514384-1-fre-FR/Europe-1-L-interview-d-Europe-1-Soir.jpg;https://cdn-europe1.new2.ladmedia.fr/var/europe1/storage/images/media/podcasts/europe-1-l-interview-d-europe-1-soir/514384-1-fre-FR/Europe-1-L-interview-d-Europe-1-Soir.jpg
138621;0;cf3a9eb0b0830dca805ea9df5406643f1d840775;FR (FR);Europe 1 vous répond;Europe 1 repond à toutes vos questions ;Radio;Europe 1;2016-08-19 04:47:00 UTC;30;36;80;0;Reportages Actualité;;;http://cdn-europe1.new2.ladmedia.fr/var/exports/podcasts/sound/Europe-1-vous-repond.xml;http://is5.mzstatic.com/image/thumb/Music69/v4/86/8d/1d/868d1dd4-02de-bef7-589b-07b0165cdf01/source/100x100bb.jpg;http://is5.mzstatic.com/image/thumb/Music69/v4/86/8d/1d/868d1dd4-02de-bef7-589b-07b0165cdf01/source/600x600bb.jpg
399276;0;368152d4614d2c49a9f3770045d237809da51559;FR (FR);Le débat éco;Le debat économique par Agnès VERDIER-MOLINIE;Radio;Europe 1;2017-07-09 05:44:00 UTC;30;36;1;0;Reportages Actualité;;;http://cdn2-europe1.new2.ladmedia.fr/var/exports/podcasts/sound/le-debat-eco.xml;http://cdn-europe1.new2.ladmedia.fr/var/europe1/storage/images/media/podcasts/le-debat-eco/521748-4-fre-FR/Le-debat-eco.jpg;http://cdn-europe1.new2.ladmedia.fr/var/europe1/storage/images/media/podcasts/le-debat-eco/521748-4-fre-FR/Le-debat-eco.jpg
374924;0;5faa17e3892fbffee1260f054bf1738a31bfd885;FR (FR);L'édito du JDD;L'edito du JDD est une chronique de l'emission europe 1 week-end;Radio;Europe 1;2018-05-13 06:17:00 UTC;30;34;14;0;Reportages Actualité;News & Politics;;http://cdn-europe1.new2.ladmedia.fr/var/exports/podcasts/sound/ledito-du-jdd.xml;https://is3-ssl.mzstatic.com/image/thumb/Music118/v4/1b/4a/7d/1b4a7d70-90a4-c82f-b9b5-4e28c884e5dd/source/100x100bb.jpg;https://is3-ssl.mzstatic.com/image/thumb/Music118/v4/1b/4a/7d/1b4a7d70-90a4-c82f-b9b5-4e28c884e5dd/source/600x600bb.jpg
215638;0;3a6d5ab8322ebcc1423633e328c3f2610cd7b04d;FR (FR);Culture et découverte;Tous les matins, découvrez le coup de cœur culturel de Pierre De Vilno ainsi que le coup de cœur télé de Marion Calais.;Radio;Europe 1;2016-07-08 03:24:00 UTC;30;33;18;0;Reportages Culturels;;;http://cdn-europe1.new2.ladmedia.fr/var/exports/podcasts/sound/culture-et-decouverte.xml;http://is1.mzstatic.com/image/thumb/Music7/v4/76/c7/b2/76c7b23c-c597-d37a-f684-2cbc7178e927/source/100x100bb.jpg;http://is1.mzstatic.com/image/thumb/Music7/v4/76/c7/b2/76c7b23c-c597-d37a-f684-2cbc7178e927/source/600x600bb.jpg
1087432;0;440db7fbafb58c9881c241c39e50e0c5508ceb8f;FR (FR);Rien ne s'oppose à Guy Carlier;Rien ne s'oppose à Guy Carlier est une chronique de l'émission rien de s'oppose à midi;Radio;Europe 1;2018-05-14 10:21:00 UTC;30;32;7;0;Jeux;Games & Hobbies;evst-user-add,evst-review-passed;http://cdn2-europe1.new2.ladmedia.fr/var/exports/podcasts/sound/guy-carlier---europe-1.xml;https://cdn-europe1.new2.ladmedia.fr/var/europe1/storage/images/media/podcasts/rien-ne-s-oppose-a-guy-carlier/28735765-7-fre-FR/Rien-ne-s-oppose-a-Guy-Carlier.jpg;https://cdn-europe1.new2.ladmedia.fr/var/europe1/storage/images/media/podcasts/rien-ne-s-oppose-a-guy-carlier/28735765-7-fre-FR/Rien-ne-s-oppose-a-Guy-Carlier.jpg
374432;0;8a78e503d343a55b762a19103d408812d765a920;FR (FR);Europe 1 - L'édito politique;L'édito politique  d'Hélène Jouan est une chronique de l'émission Europe Matin ;Radio;Europe 1;2015-06-27 06:16:00 UTC;30;31;26;0;Reportages Actualité;;;http://cdn-europe1.new2.ladmedia.fr/var/exports/podcasts/sound/edito-politique.xml;http://is3.mzstatic.com/image/thumb/Music62/v4/60/61/32/6061328e-9e83-c1bb-54a2-e7b696397e00/source/100x100bb.jpg;http://is3.mzstatic.com/image/thumb/Music62/v4/60/61/32/6061328e-9e83-c1bb-54a2-e7b696397e00/source/600x600bb.jpg
356042;0;2d39e479ab9754aa1d0529750361b3fe76435302;FR (FR);La région du jour;Le grand direct des régions présenté par Olivier Alleman & PIERRE BONTE ;Radio;Europe 1;2016-08-19 08:19:00 UTC;29;28;2;0;Reportages Culturels;;;http://cdn-europe1.new2.ladmedia.fr/var/exports/podcasts/sound/la-region-du-jour.xml;http://is1.mzstatic.com/image/thumb/Music60/v4/30/cf/1a/30cf1aca-b203-db5f-b815-e696b22619e9/source/100x100bb.jpg;http://is1.mzstatic.com/image/thumb/Music60/v4/30/cf/1a/30cf1aca-b203-db5f-b815-e696b22619e9/source/600x600bb.jpg
201098;0;1dde84615ddbdd5f53b3b7b25195a856b0a59ad0;FR (FR);Le club de la presse étrangère;Le Club de la presse étrangère présenté par Sophie LARMOYER ;Radio;Europe 1;2018-01-05 17:45:00 UTC;25;27;19;0;Reportages Actualité;;;http://cdn-europe1.new2.ladmedia.fr/var/exports/podcasts/sound/le-club-de-la-presse-etrangere.xml;http://is3.mzstatic.com/image/thumb/Music62/v4/41/d7/63/41d7637a-5c5a-e395-dc01-ce91319f6511/source/100x100bb.jpg;http://is3.mzstatic.com/image/thumb/Music62/v4/41/d7/63/41d7637a-5c5a-e395-dc01-ce91319f6511/source/600x600bb.jpg
211411;0;9cea842408ed90545967017e90eefe69ea99d0c8;FR (FR);L'innovation du jour;La chronique Innovation de Maxime Switek.;Radio;Europe 1;2015-07-10 04:40:00 UTC;30;24;29;0;Technologie;;;http://cdn-europe1.new2.ladmedia.fr/var/exports/podcasts/sound/sandra-freeman.xml;http://is1.mzstatic.com/image/thumb/Music3/v4/41/07/fc/4107fc80-2963-d51c-1a9d-4afad55705d6/source/100x100bb.jpg;http://is1.mzstatic.com/image/thumb/Music3/v4/41/07/fc/4107fc80-2963-d51c-1a9d-4afad55705d6/source/600x600bb.jpg
233043;0;e580fc1219fcd92f7c54ffbd850d72ea04db4933;FR (FR);La sortie du jour;La sortie du jour par Jean-Philipe-Balasse sur Europe 1;Radio;Europe 1;2015-07-10 06:55:00 UTC;30;24;1;0;Reportages Culturels;;;http://cdn-europe1.new2.ladmedia.fr/var/exports/podcasts/sound/le-choix-culturel.xml;http://is3.mzstatic.com/image/thumb/Music62/v4/c3/f8/cc/c3f8cc6d-a480-cbb3-9faa-e05dea0b9dfc/source/100x100bb.jpg;http://is3.mzstatic.com/image/thumb/Music62/v4/c3/f8/cc/c3f8cc6d-a480-cbb3-9faa-e05dea0b9dfc/source/600x600bb.jpg
530340;0;38dd6a2f67f699f334a5fe724dfe472444052fdc;FR (FR);Un dimanche de cinéma;Mathieu Charrier passe en revue l'actualité du septième art : les films à l’affiche, ceux à venir, les coups de cœurs, les projets et les tournages. ;Radio;Europe 1;2018-05-13 13:00:00 UTC;30;20;3;0;Reportages Culturels;Society & Culture;evst-user-add;http://cdn2-europe1.new2.ladmedia.fr/var/exports/podcasts/sound/un-dimanche-de-cinema.xml;https://cdn-europe1.new2.ladmedia.fr/var/europe1/storage/images/media/podcasts/un-dimanche-de-cinema/28599754-7-fre-FR/Un-dimanche-de-cinema.jpg;https://cdn-europe1.new2.ladmedia.fr/var/europe1/storage/images/media/podcasts/un-dimanche-de-cinema/28599754-7-fre-FR/Un-dimanche-de-cinema.jpg
374927;0;dffa8742aacb804807bd7f4deb23996cbb9c34ae;FR (FR);En route pour la Maison-Blanche;Les actualités politiques des Etats-Unis par Xavier Yvon;Radio;Europe 1;2016-11-11 17:47:00 UTC;25;20;0;0;Reportages Actualité;;;http://cdn-europe1.new2.ladmedia.fr/var/exports/podcasts/sound/en-route-pour-la-maison-blanche.xml;http://is1.mzstatic.com/image/thumb/Music71/v4/9c/14/5c/9c145c7f-ce57-7c87-b7ef-3d68c3f73ef0/source/100x100bb.jpg;http://is1.mzstatic.com/image/thumb/Music71/v4/9c/14/5c/9c145c7f-ce57-7c87-b7ef-3d68c3f73ef0/source/600x600bb.jpg
159476;0;49223cee13d287d70dcf4a249975e9adce337817;FR (FR);Les grandes voix vous répondent;Sonia Mabrouk et les voix historiques d’Europe 1 analysent et débattent de l’actualité;Radio;Europe 1;2016-06-19 17:00:00 UTC;23;19;55;0;Reportages Actualité;;;http://cdn-europe1.new2.ladmedia.fr/var/exports/podcasts/sound/les-grandes-voix-vous-repondent.xml;http://is5.mzstatic.com/image/thumb/Music49/v4/12/62/2e/12622ee9-9341-c8da-8bf5-1caac5289737/source/100x100bb.jpg;http://is5.mzstatic.com/image/thumb/Music49/v4/12/62/2e/12622ee9-9341-c8da-8bf5-1caac5289737/source/600x600bb.jpg
342962;0;4fc510e59a3bfcc4459bc3235a8dcad0d5170356;FR (FR);Dany Football Club;Ici, on parle de foot sous un angle sociétal avec Jean Réveillon,  JP Naugrette, Laurent Jaoui et Delphine Denuit.;Radio;Europe 1;2016-07-10 18:00:00 UTC;23;19;8;0;Sport;;;http://cdn-europe1.new2.ladmedia.fr/var/exports/podcasts/sound/dany-football-club.xml;http://is5.mzstatic.com/image/thumb/Music60/v4/68/17/b8/6817b844-c004-ced8-e2d3-1c003618325c/source/100x100bb.jpg;http://is5.mzstatic.com/image/thumb/Music60/v4/68/17/b8/6817b844-c004-ced8-e2d3-1c003618325c/source/600x600bb.jpg
569583;0;036c355baee2e07c9c6cc226476eca7d10223127;FR (FR);Le grand destin - Franck Ferrand;Franck Ferrand nous racontent les grands destins de compositeurs, d'écrivains… Leurs parcours et leurs histoires;Radio;Europe 1;2016-10-01 12:50:00 UTC;25;18;13;0;Portraits;;;http://cdn1-europe1.new2.ladmedia.fr/var/exports/podcasts/sound/le-grand-destin---franck-ferrand.xml;http://cdn-europe1.new2.ladmedia.fr/var/europe1/storage/images/media/podcasts/le-grand-destin-franck-ferrand/28635025-4-fre-FR/Le-grand-destin-Franck-Ferrand.jpg;http://cdn-europe1.new2.ladmedia.fr/var/europe1/storage/images/media/podcasts/le-grand-destin-franck-ferrand/28635025-4-fre-FR/Le-grand-destin-Franck-Ferrand.jpg
334745;0;a26897058f8b961f30694f66f4a9f7c8ca999624;FR (FR);Les découvertes d'Europe midi;Retrouvez la bande des chroniqueurs culturels du jour : Eva Roque pour la TV, Benjamin Josse et mercredi rime avec sorties ciné aussi par conséquent avec Bruno Cras !;Radio;Europe 1;2016-07-08 11:40:00 UTC;30;18;9;0;Reportages Culturels;;;http://cdn-europe1.new2.ladmedia.fr/var/exports/podcasts/sound/les-decouvertes-deurope-midi.xml;http://is2.mzstatic.com/image/thumb/Music18/v4/14/6a/bf/146abfe4-d758-704f-939d-c1cd57527de4/source/100x100bb.jpg;http://is2.mzstatic.com/image/thumb/Music18/v4/14/6a/bf/146abfe4-d758-704f-939d-c1cd57527de4/source/600x600bb.jpg
399186;0;e36a1c9cfe0589a022f889b23afc832ffec7ac2d;FR (FR);Faites-le taire de Willy Rovelli et Christine Berrou;Willy Rovelli et Christine Berrou nous parlent d'actualité avec humour ;Radio;Europe 1;2017-08-25 07:56:00 UTC;30;16;4;0;Fun;;;http://cdn2-europe1.new2.ladmedia.fr/var/exports/podcasts/sound/faites-le-taire.xml;http://cdn-europe1.new2.ladmedia.fr/var/europe1/storage/images/media/podcasts/faites-le-taire-de-willy-rovelli-et-christine-berrou/521384-5-fre-FR/Faites-le-taire-de-Willy-Rovelli-et-Christine-Berrou.jpg;http://cdn-europe1.new2.ladmedia.fr/var/europe1/storage/images/media/podcasts/faites-le-taire-de-willy-rovelli-et-christine-berrou/521384-5-fre-FR/Faites-le-taire-de-Willy-Rovelli-et-Christine-Berrou.jpg
156775;0;27843bbd26b8850fb0a50c6a4d902d9fa1f9e51c;FR (FR);Les bons plans du week-end;La France en week-end vit différemment et c’est cette différence que nous partageons avec vous chaque samedi et chaque dimanche. La rigueur de l’info avec un temps pour l’analyse politique, économique et pour des rendez-vous consacrés aux animaux, à la science et au spectacle : c’est le temps du week-end et d’un autre regard sur l’information.;Radio;Europe 1;2016-07-09 05:26:00 UTC;30;16;1;0;Reportages Actualité;;;http://cdn-europe1.new2.ladmedia.fr/var/exports/podcasts/sound/les-bons-plans-du-week-end.xml;http://is3.mzstatic.com/image/thumb/Music62/v4/8e/8e/c7/8e8ec741-e166-c9bf-f57c-e7edfd09b594/source/100x100bb.jpg;http://is3.mzstatic.com/image/thumb/Music62/v4/8e/8e/c7/8e8ec741-e166-c9bf-f57c-e7edfd09b594/source/600x600bb.jpg
353175;0;892dd7770109948b6e73fe325db7fd67c8a4673f;FR (FR);Le vrai-faux de l'info;Le vrai-faux de l'actualité par Geraldine Woessner;Radio;Europe 1;2018-05-11 05:13:00 UTC;30;16;1;0;Reportages Actualité;News & Politics;;http://cdn-new-europe1.ladmedia.fr/var/exports/podcasts/sound/le-vrai-faux-de-l-info.xml;https://cdn-europe1.new2.ladmedia.fr/var/europe1/storage/images/media/podcasts/le-vrai-faux-de-l-info/520768-8-fre-FR/Le-vrai-faux-de-l-info.jpg;https://cdn-europe1.new2.ladmedia.fr/var/europe1/storage/images/media/podcasts/le-vrai-faux-de-l-info/520768-8-fre-FR/Le-vrai-faux-de-l-info.jpg
126670;0;afa453a679d331cf5321a8d696f7cb8ec7f44d6a;FR (FR);La revue de presse internationale;L'actualité de la presse internationnales par Wendy BOUCHARD;Radio;Europe 1;2016-04-17 04:53:00 UTC;30;15;29;0;Reportages Actualité;;;http://cdn-europe1.new2.ladmedia.fr/var/exports/podcasts/sound/revue-de-presse-internationale.xml;http://is5.mzstatic.com/image/thumb/Music69/v4/14/35/f9/1435f98e-d955-77ec-68e8-754ea5b973b3/source/100x100bb.jpg;http://is5.mzstatic.com/image/thumb/Music69/v4/14/35/f9/1435f98e-d955-77ec-68e8-754ea5b973b3/source/600x600bb.jpg
462491;0;4d9821e250bbb7a4b61eae9b97d8de0cbdaf5064;FR (FR);Campus;Chaque dimanche, dans Campus Julia Martin propose aux auditeurs d’Europe 1 de découvrir une personnalité à travers ses amis et les tranches de vie  qu’ils ont partagées. Qui sont-ils l’un pour l’autre ?  Quelle place occupent-ils dans leur vie respective ? Que s’apportent-ils ?  Autant de questions auxquelles l’animatrice répond, entourée de son invité et de ses amis.;Radio;Europe 1;2017-08-27 12:00:00 UTC;30;15;5;0;Portraits;;;http://cdn3-europe1.new2.ladmedia.fr/var/exports/podcasts/sound/campus.xml;http://is5.mzstatic.com/image/thumb/Music111/v4/2b/fa/39/2bfa3907-e574-5248-076f-cac249bd56e5/source/100x100bb.jpg;http://is5.mzstatic.com/image/thumb/Music111/v4/2b/fa/39/2bfa3907-e574-5248-076f-cac249bd56e5/source/600x600bb.jpg
356044;0;ec2d84da3486025e8f1cc6ab03e201551f0373eb;FR (FR);Star en vacances - Julia Martin;Chronique sur les vacances de stars par Julia Martin;Radio;Europe 1;2016-08-19 03:55:00 UTC;29;15;2;0;Reportages Actualité;;;http://cdn3-europe1.new2.ladmedia.fr/var/exports/podcasts/sound/star-en-vacances---julia-martin.xml;http://is2.mzstatic.com/image/thumb/Music20/v4/d1/a2/7c/d1a27c49-cb55-c961-d481-f411703906f1/source/100x100bb.jpg;http://is2.mzstatic.com/image/thumb/Music20/v4/d1/a2/7c/d1a27c49-cb55-c961-d481-f411703906f1/source/600x600bb.jpg
356043;0;9aca3ab241ccb446bc0ecd1436e523b05e40ee3b;FR (FR);Europe 1 à votre service;Questions, témoignages, anecdotes et expériences viendront rythmer Europe 1 à votre service, rendez-vous placé sous le signe de la proximité et de l’écoute. ;Radio;Europe 1;2016-08-21 11:00:00 UTC;30;14;11;0;Reportages Actualité;;;http://cdn1-europe1.new2.ladmedia.fr/var/exports/podcasts/sound/europe-1-a-votre-service.xml;http://is4.mzstatic.com/image/thumb/Music71/v4/0c/e8/8a/0ce88abe-7d58-f705-1ff9-d8eebf6dd283/source/100x100bb.jpg;http://is4.mzstatic.com/image/thumb/Music71/v4/0c/e8/8a/0ce88abe-7d58-f705-1ff9-d8eebf6dd283/source/600x600bb.jpg
149460;0;1243585b04b658485e3f07f2a44a8ec8f16f9f26;FR (FR);Le coach sportif;découverte de sport avec Jean-Pierre Clémenceau;Radio;Europe 1;2015-06-27 04:21:00 UTC;30;14;2;0;Sport;;;http://cdn-europe1.new2.ladmedia.fr/var/exports/podcasts/sound/le-coach-sportif.xml;http://is2.mzstatic.com/image/thumb/Music4/v4/a3/a5/8d/a3a58d63-0b8d-8011-20dc-fbe640bf5890/source/100x100bb.jpg;http://is2.mzstatic.com/image/thumb/Music4/v4/a3/a5/8d/a3a58d63-0b8d-8011-20dc-fbe640bf5890/source/600x600bb.jpg
539144;0;d7dd68a11721662604439df3f9dd81ff6c3cfe67;FR (FR);Mediapolis;11ème saison pour Médiapolis, l'émission de décryptage d'Olivier Duhamel. Entouré de ses invités le politologue réunit autour de lui des spécialistes pour explorer et décortiquer les rapports entre médias et politique. La communication d’un point de vue politique, et la politique à travers sa communication.;Radio;Europe 1;2018-05-12 08:00:00 UTC;30;14;0;0;Reportages Actualité;News & Politics;;http://cdn-new-europe1.ladmedia.fr/var/exports/podcasts/sound/mediapolis.xml;https://cdn-europe1.new2.ladmedia.fr/var/europe1/storage/images/media/podcasts/mediapolis/512732-9-fre-FR/Mediapolis.jpg;https://cdn-europe1.new2.ladmedia.fr/var/europe1/storage/images/media/podcasts/mediapolis/512732-9-fre-FR/Mediapolis.jpg
56908;0;4418b83c808a8eda6403a50e988d660f99ca612c;FR (FR);100% Europe 1;Les meilleurs moments des émissions de la semaine, les événements à venir, les coups de coeur maison et les avis des membres du club Europe 1 et des auditeurs. Par Jacky GALLOIS;Radio;Europe 1;2015-07-12 13:00:00 UTC;30;13;16;0;Fun;;;http://cdn-europe1.new2.ladmedia.fr/var/exports/podcasts/sound/100-pour-100-europe1.xml;http://is1.mzstatic.com/image/thumb/Music71/v4/0c/7f/d0/0c7fd094-9e41-3be2-234c-e50bf8256df8/source/100x100bb.jpg;http://is1.mzstatic.com/image/thumb/Music71/v4/0c/7f/d0/0c7fd094-9e41-3be2-234c-e50bf8256df8/source/600x600bb.jpg
154245;0;3ea51462ec2b7f4878637e46a0ca0576a8d318fd;FR (FR);Bonjour Monsieur le maire;Tous les matins, l'interview du maire d'une commune française. Par Raphaëlle DUCHEMIN;Radio;Europe 1;2016-07-08 03:11:00 UTC;30;13;14;0;Reportages Actualité;;;http://cdn-europe1.new2.ladmedia.fr/var/exports/podcasts/sound/bonjour-monsieur-le-maire.xml;http://is5.mzstatic.com/image/thumb/Music6/v4/f2/18/a8/f218a820-93ca-a348-b9cc-1c0f3400df43/source/100x100bb.jpg;http://is5.mzstatic.com/image/thumb/Music6/v4/f2/18/a8/f218a820-93ca-a348-b9cc-1c0f3400df43/source/600x600bb.jpg
337777;0;7b4b301d15a365b6c8868684b873bf97c33ee550;FR (FR);Sortez du cadre de Nikos Aliagas;Chaque samedi Nikos reçoit des personnalités pour des moments en dehors du cadre et des lives inédits.;Radio;Europe 1;2018-05-13 09:00:00 UTC;36;13;6;0;Reportages Culturels;Society & Culture;;http://cdn1-europe1.new2.ladmedia.fr/var/exports/podcasts/sound/sortez-du-cadre.xml;https://cdn-europe1.new2.ladmedia.fr/var/europe1/storage/images/media/podcasts/sortez-du-cadre-de-nikos-aliagas/521580-3-fre-FR/Sortez-du-cadre-de-Nikos-Aliagas.jpg;https://cdn-europe1.new2.ladmedia.fr/var/europe1/storage/images/media/podcasts/sortez-du-cadre-de-nikos-aliagas/521580-3-fre-FR/Sortez-du-cadre-de-Nikos-Aliagas.jpg
963246;0;3653074782bc3194c0c1bfb24ebcf7451e43b1bb;FR (FR);Mon premier job;Le premier Job de personnalité par Antoine GAUGOY;Radio;Europe 1;2017-08-25 04:10:00 UTC;30;13;3;0;Reportages Actualité;;;http://cdn1-europe1.new2.ladmedia.fr/var/exports/podcasts/sound/mon-premier-job.xml;http://is3.mzstatic.com/image/thumb/Music118/v4/a2/9c/40/a29c4030-9a6f-828c-15cd-584555ac48d4/source/100x100bb.jpg;http://is3.mzstatic.com/image/thumb/Music118/v4/a2/9c/40/a29c4030-9a6f-828c-15cd-584555ac48d4/source/600x600bb.jpg
138615;0;428bd41afda685abc387b294a532a4d0c738f676;FR (FR);Les experts d'Europe 1;Thomas Sotto, Axel de Tarlé, Alexandre Kara et Alex Taylor, livreront leurs informations exclusives et les coulisses de l’actualité économique, politique, et européenne.;Radio;Europe 1;2016-08-19 05:15:00 UTC;30;12;36;0;Reportages Actualité;;;http://cdn-europe1.new2.ladmedia.fr/var/exports/podcasts/sound/le-kiosque-de-Thomas-Sotto-2.xml;http://is2.mzstatic.com/image/thumb/Music7/v4/f9/10/79/f91079a1-941b-153e-67c5-89999daa8775/source/100x100bb.jpg;http://is2.mzstatic.com/image/thumb/Music7/v4/f9/10/79/f91079a1-941b-153e-67c5-89999daa8775/source/600x600bb.jpg
343979;0;78c5525278ac3d5ec3a247ae6efb7761e2eb7499;FR (FR);Autour du monde;L'actualité dans le monde par Henri GUIRCHOUN;Radio;Europe 1;2016-07-06 20:23:00 UTC;30;11;10;0;Reportages Actualité;;;http://cdn1-europe1.new2.ladmedia.fr/var/exports/podcasts/sound/autour-du-monde.xml;http://cdn-europe1.new2.ladmedia.fr/var/europe1/storage/images/media/podcasts/autour-du-monde/521328-2-fre-FR/Autour-du-monde.jpg;http://cdn-europe1.new2.ladmedia.fr/var/europe1/storage/images/media/podcasts/autour-du-monde/521328-2-fre-FR/Autour-du-monde.jpg
339505;0;b1342445ddd0de31429baaffd32f3fb365f22c68;FR (FR);Le Bret du faux;retrouvez la chronique de Marc Antoine Le Bret «Le Bret du Faux» dans le Meilleur des Réveils.;Radio;Europe 1;2016-06-09 16:00:00 UTC;30;11;10;0;Fun;;;http://cdn3-europe1.new2.ladmedia.fr/var/exports/podcasts/sound/le-bret-du-faux.xml;http://cdn-europe1.new2.ladmedia.fr/var/europe1/storage/images/media/podcasts/le-bret-du-faux/521412-2-fre-FR/Le-Bret-du-faux.jpg;http://cdn-europe1.new2.ladmedia.fr/var/europe1/storage/images/media/podcasts/le-bret-du-faux/521412-2-fre-FR/Le-Bret-du-faux.jpg
205290;0;0bf5b0a07eba3d1397ea5c3f270704186b1efbfa;FR (FR);Secrets de Sport;Chaque jour Bérengère Bonte reçoit un grand sportif qui reviendra sur un moment marquant de sa carrière.;Radio;Europe 1;2016-08-04 17:00:00 UTC;20;10;8;0;Sport;;;http://cdn-europe1.new2.ladmedia.fr/var/exports/podcasts/sound/secrets-de-sport.xml;http://is3.mzstatic.com/image/thumb/Music20/v4/6d/9b/ea/6d9bea11-2038-6773-b82f-8b76398218e7/source/100x100bb.jpg;http://is3.mzstatic.com/image/thumb/Music20/v4/6d/9b/ea/6d9bea11-2038-6773-b82f-8b76398218e7/source/600x600bb.jpg
379155;0;71f5439c9fdaff51a425f00eaeca4ae28c8f34be;FR (FR);Le spécialiste santé;Petits bobos ou grandes maladies, toute la santé auscultée par Europe 1 ;Radio;Europe 1;2016-08-19 09:40:00 UTC;30;10;8;0;Santé;;;http://cdn2-europe1.new2.ladmedia.fr/var/exports/podcasts/sound/le-specialiste-Santé.xml;http://cdn-europe1.new2.ladmedia.fr/var/europe1/storage/images/media/podcasts/le-specialiste-Santé/520992-2-fre-FR/Le-specialiste-Santé.jpg;http://cdn-europe1.new2.ladmedia.fr/var/europe1/storage/images/media/podcasts/le-specialiste-Santé/520992-2-fre-FR/Le-specialiste-Santé.jpg
248899;0;c9292e3d306940a8c02a734aae5db9f734e4bb27;FR (FR);Le questionn'elle;Des personnalités répondent aux questionn'elle de Marion Ruggieri et son équipe d'Il n'y en a pas deux comme elle.;Radio;Europe 1;2014-09-17 13:56:00 UTC;16;8;2;0;Reportages Actualité;;;http://cdn-europe1.new2.ladmedia.fr/var/exports/podcasts/sound/le-questionn-elle.xml;http://is3.mzstatic.com/image/thumb/Music3/v4/2b/06/a8/2b06a8cd-d6f3-2759-0db6-36dc63d926e0/source/100x100bb.jpg;http://is3.mzstatic.com/image/thumb/Music3/v4/2b/06/a8/2b06a8cd-d6f3-2759-0db6-36dc63d926e0/source/600x600bb.jpg
155105;0;65e60aaf3787e83dbcbf27f2f90c82b7b17269e5;FR (FR);La question qui fâche;Des questions sur la société qui fache par Maxime SWITEK;Radio;Europe 1;2015-07-10 05:16:00 UTC;30;7;16;0;Reportages Actualité;;;http://cdn-europe1.new2.ladmedia.fr/var/exports/podcasts/sound/la-question-qui-fache.xml;http://is1.mzstatic.com/image/thumb/Music3/v4/90/66/8c/90668c4c-0c29-68ef-9fd9-c6ee8071d4cb/source/100x100bb.jpg;http://is1.mzstatic.com/image/thumb/Music3/v4/90/66/8c/90668c4c-0c29-68ef-9fd9-c6ee8071d4cb/source/600x600bb.jpg
169620;0;62dd36f35249c0cd80d2bbcd6e2a55058de9185d;FR (FR);L'info l'Étudiant de la semaine;Reportage sur la vie d'étudiant par Sophie DE TARLÉ;Radio;Europe 1;2015-06-27 04:43:00 UTC;30;7;9;0;Reportages Actualité;;;http://cdn-europe1.new2.ladmedia.fr/var/exports/podcasts/sound/l-info-l-etudiant-de-la-semaine.xml;http://is5.mzstatic.com/image/thumb/Music3/v4/5a/16/8a/5a168ab3-55cb-4abb-e9f9-54c9cb0415bc/source/100x100bb.jpg;http://is5.mzstatic.com/image/thumb/Music3/v4/5a/16/8a/5a168ab3-55cb-4abb-e9f9-54c9cb0415bc/source/600x600bb.jpg
251799;0;af1779600ed0a9e300d5b3cc0aee2ab6f370cabd;FR (FR);Le parti pris de Philippe Bilger;Des debats avec le franc parler de  philippe bilger;Radio;Europe 1;2015-06-21 10:55:00 UTC;30;7;8;0;Reportages Actualité;;;http://cdn-europe1.new2.ladmedia.fr/var/exports/podcasts/sound/le-parti-pris-de-philippe-bilger.xml;http://is2.mzstatic.com/image/thumb/Music3/v4/75/f4/65/75f465fd-7ee0-c205-78b7-a39621a428e4/source/100x100bb.jpg;http://is2.mzstatic.com/image/thumb/Music3/v4/75/f4/65/75f465fd-7ee0-c205-78b7-a39621a428e4/source/600x600bb.jpg
250621;0;5fd032e93f5ad80de69ab06a872cc1e8f97f9450;FR (FR);Allô Jean-Michel;Jean-Michel Aphatie répond aux auditeurs d'Europe Midi.;Radio;Europe 1;2016-07-08 11:13:00 UTC;25;6;4;0;Reportages Actualité;;;http://cdn-europe1.new2.ladmedia.fr/var/exports/podcasts/sound/allo-jean-michel.xml;http://is4.mzstatic.com/image/thumb/Music7/v4/80/f7/32/80f73269-5257-2444-cfd9-64262a8a14e5/source/100x100bb.jpg;http://is4.mzstatic.com/image/thumb/Music7/v4/80/f7/32/80f73269-5257-2444-cfd9-64262a8a14e5/source/600x600bb.jpg
216862;0;6cb332a9e0a49fb5cddad4409b3b379293598282;FR (FR);L'humeur de Benjamin Muller;Des debats en fonction de l'humeur de Benjamin Muller;Radio;Europe 1;2016-07-08 13:25:00 UTC;30;5;4;0;;;;http://cdn3-europe1.new2.ladmedia.fr/var/exports/podcasts/sound/lhumeur-de-benjamin-muller.xml;http://is1.mzstatic.com/image/thumb/Music71/v4/db/af/30/dbaf3093-327d-7733-aa09-7ac6c942e08e/source/100x100bb.jpg;http://is1.mzstatic.com/image/thumb/Music71/v4/db/af/30/dbaf3093-327d-7733-aa09-7ac6c942e08e/source/600x600bb.jpg
1021310;0;d6184ca8cfbb6a120a7b5fc10836494f49237354;FR (FR);La revue de presse du week-end - Bruno Donnet;La revue de la presse de Bruno Donnet est une chronique de l'émission Europe Matin;Radio;Europe 1;2018-05-13 05:20:00 UTC;20;5;1;0;Reportages Actualité;News & Politics;evst-user-add;http://cdn1-europe1.new2.ladmedia.fr/var/exports/podcasts/sound/la-revue-de-presse-du-week-end.xml;https://cdn-europe1.new2.ladmedia.fr/var/europe1/storage/images/media/podcasts/la-revue-de-presse-du-week-end-bruno-donnet/21464327-8-fre-FR/La-revue-de-presse-du-week-end-Bruno-Donnet.jpg;https://cdn-europe1.new2.ladmedia.fr/var/europe1/storage/images/media/podcasts/la-revue-de-presse-du-week-end-bruno-donnet/21464327-8-fre-FR/La-revue-de-presse-du-week-end-Bruno-Donnet.jpg
1084295;0;07e4d9c4be146e458a79e43fdb7ad28ab855f1dd;FR (FR);Le portrait de Cyrielle Hariel;Le portrait de personnalité dans le monde du travail par Cyrielle HARIEL;Radio;Europe 1;2018-04-18 11:48:00 UTC;30;4;0;0;Portraits;News & Politics;evst-user-add,evst-review-passed;http://cdn1-europe1.new2.ladmedia.fr/var/exports/podcasts/sound/le-portrait-de-cyrielle-hariel.xml;http://cdn-europe1.new2.ladmedia.fr/var/europe1/storage/images/media/podcasts/le-portrait-de-cyrielle-hariel/43911299-6-fre-FR/Le-portrait-de-Cyrielle-Hariel.jpg;http://cdn-europe1.new2.ladmedia.fr/var/europe1/storage/images/media/podcasts/le-portrait-de-cyrielle-hariel/43911299-6-fre-FR/Le-portrait-de-Cyrielle-Hariel.jpg
415969;0;22b3e45a16094169bd654fb58ff1e9ebf3ae49f1;FR (FR);Les experts d'Europe 1;Thomas Sotto, Axel de Tarlé, Alexandre Kara et Alex Taylor, livreront leurs informations exclusives et les coulisses de l’actualité économique, politique, et européenne.;Radio;Europe 1;2016-08-19 05:15:00 UTC;30;2;10;0;Reportages Actualité;;;http://cdn2-europe1.new2.ladmedia.fr/var/exports/podcasts/sound/le-kiosque-de-Thomas-Sotto-2.xml;http://cdn-europe1.new2.ladmedia.fr/var/europe1/storage/images/media/podcasts/les-experts-d-europe-1/21422495-6-fre-FR/Les-experts-d-Europe-1.jpg;http://cdn-europe1.new2.ladmedia.fr/var/europe1/storage/images/media/podcasts/les-experts-d-europe-1/21422495-6-fre-FR/Les-experts-d-Europe-1.jpg
374500;0;a035f2ae181ff33d3564876e1e03324d20014b7e;FR (FR);A la Une de la presse américaine;Les actualités du monde politique des Etats-Unis;Radio;Europe 1;2016-11-11 05:45:00 UTC;25;2;5;0;Reportages Actualité;;;http://cdn-europe1.new2.ladmedia.fr/var/exports/podcasts/sound/a-la-une-de-la-presse-americaine.xml;http://is3.mzstatic.com/image/thumb/Music62/v4/29/1d/29/291d2970-dd9f-be2b-ac13-cafbd8664be4/source/100x100bb.jpg;http://is3.mzstatic.com/image/thumb/Music62/v4/29/1d/29/291d2970-dd9f-be2b-ac13-cafbd8664be4/source/600x600bb.jpg
374920;0;7f691dbdf48512d516ef00468e745ae909f3c153;FR (FR);Made in USA;Chaque semaine dans l'émission Mediapolis, Olivier Duhamel revient sur l'actualité des élections américaines. Par Olivier DUHAMEL;Radio;Europe 1;2016-11-19 09:37:00 UTC;10;2;1;0;Reportages Actualité;;;http://cdn-europe1.new2.ladmedia.fr/var/exports/podcasts/sound/made-in-usa.xml;http://is3.mzstatic.com/image/thumb/Music71/v4/a2/98/d7/a298d7b6-8002-097c-b89e-4ad9df272503/source/100x100bb.jpg;http://is3.mzstatic.com/image/thumb/Music71/v4/a2/98/d7/a298d7b6-8002-097c-b89e-4ad9df272503/source/600x600bb.jpg
965374;0;1c5c3ae068bcf3ccd83ddc36296f4c1f720ac59c;FR (FR);La France secrète;Chaque jour, pendant l'été, Europe 1 vous fait découvrir un endroit caché sur la route de vos vacances. ;Radio;Europe 1;2017-08-25 05:25:00 UTC;30;2;1;0;Reportages Culturels;;;http://cdn-europe1.new2.ladmedia.fr/var/exports/podcasts/sound/la-france-secrete.xml;http://is3.mzstatic.com/image/thumb/Music128/v4/ad/5a/f5/ad5af5c5-42ca-5779-d879-ac2a575e2b23/source/100x100bb.jpg;http://is3.mzstatic.com/image/thumb/Music128/v4/ad/5a/f5/ad5af5c5-42ca-5779-d879-ac2a575e2b23/source/600x600bb.jpg
963244;0;8042de3b77940db762985b9529fb76918b065964;FR (FR);Europe 1 - L'interview d'actualité;Des interviews au cœur de l'actualité par Maxime SWITEK;Radio;Europe 1;2017-08-25 05:45:00 UTC;30;1;11;0;Reportages Actualité;;;http://cdn2-europe1.new2.ladmedia.fr/var/exports/podcasts/sound/linterview-dactualite.xml;http://is4.mzstatic.com/image/thumb/Music128/v4/3c/a5/77/3ca57777-d6e4-b03b-6d01-e92d1c920da4/source/100x100bb.jpg;http://is4.mzstatic.com/image/thumb/Music128/v4/3c/a5/77/3ca57777-d6e4-b03b-6d01-e92d1c920da4/source/600x600bb.jpg
170874;0;84c416828a07cd248b7174943bc9e2eb3899bdf1;FR (FR);Les héros du web;Maud Descamps fait le tour du monde du web… Ils ont connu la célébrité en quelques clics.;Radio;Europe 1;2015-06-28 13:52:00 UTC;30;1;1;0;Reportages Actualité;;;http://cdn-europe1.new2.ladmedia.fr/var/exports/podcasts/sound/maud-descamps.xml;http://is3.mzstatic.com/image/thumb/Music3/v4/9e/c9/e2/9ec9e275-079d-9bb1-02e6-f3f9abee22fb/source/100x100bb.jpg;http://is3.mzstatic.com/image/thumb/Music3/v4/9e/c9/e2/9ec9e275-079d-9bb1-02e6-f3f9abee22fb/source/600x600bb.jpg
228945;0;abc5623eaff8bcf8ed5a88433735bc05a39e8694;FR (FR);Le talent de la semaine;découvrez les talents dans le domaine de l'innovation par Emmanuel DUTEIL;Radio;Europe 1;2016-07-10 06:11:00 UTC;30;1;1;0;Business & éco.;;;http://cdn-europe1.new2.ladmedia.fr/var/exports/podcasts/sound/le-talent-de-la-semaine.xml;http://is2.mzstatic.com/image/thumb/Music62/v4/0a/87/03/0a87038e-aabc-ad0d-04b5-b9d44294ef50/source/100x100bb.jpg;http://is2.mzstatic.com/image/thumb/Music62/v4/0a/87/03/0a87038e-aabc-ad0d-04b5-b9d44294ef50/source/600x600bb.jpg
374925;0;2f1f7c0c0f1e0dfd3b16381f4db69f1aceb06f69;FR (FR);Rétropolitique;Régis Lefebvre décrypte le séminaire des députés de la République en Marche dans une mise en relief avec l'histoire de la députation. ;Radio;Europe 1;2017-07-09 06:20:00 UTC;25;0;5;0;Politique;;;http://cdn-europe1.new2.ladmedia.fr/var/exports/podcasts/sound/retropolitique.xml;http://is2.mzstatic.com/image/thumb/Music62/v4/e7/53/3c/e7533c79-3cab-d720-1730-176f1aea8591/source/100x100bb.jpg;http://is2.mzstatic.com/image/thumb/Music62/v4/e7/53/3c/e7533c79-3cab-d720-1730-176f1aea8591/source/600x600bb.jpg
216622;0;2c40086bbd154ebe933d728ad4294e277da58a2d;FR (FR);Les marchés financiers;Chaque soir dans Europe Nuit, Eric le Boucher présente l'actualité des marchés financiers.;Radio;Europe 1;2015-03-24 21:11:00 UTC;30;0;3;0;Reportages Actualité;;;http://cdn-europe1.new2.ladmedia.fr/var/exports/podcasts/sound/les-marches-financiers.xml;http://is3.mzstatic.com/image/thumb/Music71/v4/dc/83/45/dc8345d5-edc2-98c8-51f2-8b1eee4d467a/source/100x100bb.jpg;http://is3.mzstatic.com/image/thumb/Music71/v4/dc/83/45/dc8345d5-edc2-98c8-51f2-8b1eee4d467a/source/600x600bb.jpg
166073;0;c7a0b7f0ebe2bf345e645ee6e9e6872a84528880;FR (FR);Le parti pris de Laurence Parisot;Laurence Parisot dénonce la passivité de nombreux acteurs internationaux.;Radio;Europe 1;2015-06-20 10:45:00 UTC;30;0;2;0;Reportages Actualité;;;http://cdn-europe1.new2.ladmedia.fr/var/exports/podcasts/sound/Laurence-Parisot.xml;http://is1.mzstatic.com/image/thumb/Music71/v4/21/6c/10/216c10de-2fd6-ac14-5ffc-94bebe7cff8f/source/100x100bb.jpg;http://is1.mzstatic.com/image/thumb/Music71/v4/21/6c/10/216c10de-2fd6-ac14-5ffc-94bebe7cff8f/source/600x600bb.jpg
238778;0;9dfcc0c1a44bcd547769bd8221fcf7564fb748fc;FR (FR);Humeurs du Tour;Spéciale tour de France avec Thomas VOECKLER ;Radio;Europe 1;2017-07-23 05:55:00 UTC;20;0;1;0;Sport;;;http://cdn-europe1.new2.ladmedia.fr/var/exports/podcasts/sound/humeur-du-tour.xml;http://is2.mzstatic.com/image/thumb/Music117/v4/34/e3/7b/34e37ba6-894e-d19e-68a2-c7c9ce4ce181/source/100x100bb.jpg;http://is2.mzstatic.com/image/thumb/Music117/v4/34/e3/7b/34e37ba6-894e-d19e-68a2-c7c9ce4ce181/source/600x600bb.jpg
251802;0;99851b7587fe0aeceb40fd5fe46b733ee08af7f7;FR (FR);Le blog note;Toutes les semaines, Julia Martin donne un coup de projecteur sur les événements de la semaine à ne pas manquer sur Europe 1.;Radio;Europe 1;2015-06-28 13:20:00 UTC;30;0;1;0;Reportages Actualité;;;http://cdn-europe1.new2.ladmedia.fr/var/exports/podcasts/sound/le-blog-note.xml;http://is1.mzstatic.com/image/thumb/Music3/v4/df/09/ea/df09eabd-c48d-6569-910c-5acfc67d3499/source/100x100bb.jpg;http://is1.mzstatic.com/image/thumb/Music3/v4/df/09/ea/df09eabd-c48d-6569-910c-5acfc67d3499/source/600x600bb.jpg
356046;0;7ffbc507e6fe72b09b7c917062dcfeb982d371c9;FR (FR);Produit du terroir;Une émission savoureuse, animée par Helena Morna et Olivier Poels, qui met du terroir dans nos assiettes : ce qui est bon pour nous, avec la recette d’un chef qui revient du marché, des conseils pour savoir quoi boire avec le produit du jour. Consommer « terroir » suppose une forme d’engagement : une cuisine gourmande, responsable, accessible à tous et une cuisine qui ne gâche pas. Astuces et conseils, rencontres avec les producteurs, et un questionnaire de Proust, parce que c’est bon les madeleines !;Radio;Europe 1;2016-08-19 08:50:00 UTC;29;0;1;0;Gastronomie;;;http://cdn-europe1.new2.ladmedia.fr/var/exports/podcasts/sound/produit-du-terroir.xml;http://is1.mzstatic.com/image/thumb/Music20/v4/1e/73/1f/1e731f50-47f8-022a-475a-8847fdf55134/source/100x100bb.jpg;http://is1.mzstatic.com/image/thumb/Music20/v4/1e/73/1f/1e731f50-47f8-022a-475a-8847fdf55134/source/600x600bb.jpg
251798;0;94ab6e96ab0a90178c83859f7c0234000cdbe049;FR (FR);Ils sont partis;Vanessa Zha dresse le portrait d'artiste qui ne sont plus de ce monde. ;Radio;Europe 1;2015-06-28 12:50:00 UTC;30;0;0;0;Portraits;;;http://cdn-europe1.new2.ladmedia.fr/var/exports/podcasts/sound/ils-sont-partis.xml;http://is1.mzstatic.com/image/thumb/Music62/v4/b6/8a/db/b68adb7d-e929-04a2-fafc-a12289c7e384/source/100x100bb.jpg;http://is1.mzstatic.com/image/thumb/Music62/v4/b6/8a/db/b68adb7d-e929-04a2-fafc-a12289c7e384/source/600x600bb.jpg
251792;0;05bcab5fb2373ee3db407a88512c69409dfa79d4;FR (FR);L'oeil de Chabalier;Hervé Chabalier en immersion dans le monde des seniors et du 4e âge.;Radio;Europe 1;2015-09-01 14:02:01 UTC;1;0;0;0;Reportages Actualité;;;http://cdn-europe1.new2.ladmedia.fr/var/exports/podcasts/sound/l-oeil-de-chabalier.xml;http://is3.mzstatic.com/image/thumb/Music30/v4/dd/5d/7a/dd5d7aab-310c-9727-914b-51dd6a66baf7/source/100x100bb.jpg;http://is3.mzstatic.com/image/thumb/Music30/v4/dd/5d/7a/dd5d7aab-310c-9727-914b-51dd6a66baf7/source/600x600bb.jpg
382049;0;d485469a5c61984306984ba26b092ef1539debb2;FR (FR);Il etait une fois le mot de la semaine;Chaque samedi, dans la matinale de Caroline Broué, un mot passé au tamis : un décryptage nourri d’archives radiophoniques pour comprendre l’histoire et les contours d’une expression revenue dans l’actu.;Radio;France Culture;2016-11-26 06:09:00 UTC;13;120;76;0;Portraits;Society & Culture,History;;http://radiofrance-podcast.net/podcast09/rss_16741.xml;http://is1.mzstatic.com/image/thumb/Music71/v4/a0/69/80/a0698073-d64c-ef63-041a-bc31562ff80e/source/100x100bb.jpg;http://is1.mzstatic.com/image/thumb/Music71/v4/a0/69/80/a0698073-d64c-ef63-041a-bc31562ff80e/source/600x600bb.jpg
1023070;0;3ee3681c26a99467e575b194fa17caf7d03d98da;FR (FR);C'était à la une;"Chaque vendredi, en fin d’émission, la Fabrique de l’Histoire vous propose, en partenariat avec ""Retronews"", le site de la BNF consacré à la presse et à son histoire, un texte percutant, étonnant, drôle ou émouvant publié dans la presse française.";Radio;France Culture;2018-05-11 07:55:00 UTC;34;54;2;0;Histoire;Society & Culture,History;;http://radiofrance-podcast.net/podcast09/rss_18312.xml;http://media.radiofrance-podcast.net/podcast09/logo_1001.jpg;http://media.radiofrance-podcast.net/podcast09/logo_1001.jpg
30640;0;78d96fd0db449264ecf4d58d530858d1c99a8e8b;FR (FR);Comité protestant;Chaque premier dimanche du mois, une chronique à l'issue de Service protestant.;Radio;France Culture;2018-05-06 06:57:00 UTC;12;38;23;0;Spiritualité & Religion;Spirituality,Religion & Spirituality;evst-user-add;http://radiofrance-podcast.net/podcast09/rss_10994.xml;https://is3-ssl.mzstatic.com/image/thumb/Music62/v4/6c/f0/44/6cf04491-f0c3-03c0-f1e6-03972479f205/source/100x100bb.jpg;https://is3-ssl.mzstatic.com/image/thumb/Music62/v4/6c/f0/44/6cf04491-f0c3-03c0-f1e6-03972479f205/source/600x600bb.jpg
379964;0;33d0c5d59d5219acde0a34f71c2480b82b6f4778;FR (FR);Assemblée du desert;Les réfugiés protestants de la Révocation.;Radio;France Culture;2017-09-03 09:55:00 UTC;2;6;3;0;Histoire;Society & Culture;;http://radiofrance-podcast.net/podcast09/rss_10641.xml;http://is4.mzstatic.com/image/thumb/Music6/v4/61/f9/a9/61f9a953-bdf1-d4c8-ff47-93e027a425a8/source/100x100bb.jpg;http://is4.mzstatic.com/image/thumb/Music6/v4/61/f9/a9/61f9a953-bdf1-d4c8-ff47-93e027a425a8/source/600x600bb.jpg
528228;0;b93c4ff1d399ed8ab5591796747585ae5396148f;FR (FR);Secrets de campagne;"Chaque jeudi, le service politique revient sur la campagne présidentielle vue depuis les coulisses, au travers d’un reportage, d’une interview et d'""indiscrets"".";Radio;France Culture;2017-05-18 05:38:00 UTC;19;4;4;0;Reportages Actualité;News & Politics;;http://radiofrance-podcast.net/podcast09/rss_17129.xml;http://media.radiofrance-podcast.net/podcast09/logo_1001.jpg;http://media.radiofrance-podcast.net/podcast09/logo_1001.jpg
393561;0;1b6bd22419e9706ec1fd6fcac531643363625a38;FR (FR);Nuit blanche;Chaque année, France Culture s'associe à la Nuit blanche parisienne pour des émissions exceptionnelles.;Radio;France Culture;2017-10-07 19:55:00 UTC;1;2;7;0;Reportages Culturels;Society & Culture;;http://radiofrance-podcast.net/podcast09/rss_16910.xml;http://media.radiofrance-podcast.net/podcast09/logo_1001.jpg;http://media.radiofrance-podcast.net/podcast09/logo_1001.jpg
118990;0;71e4c7af0345ed0878c05aac03e1ca8fc938d219;FR (FR);Tout euro, tout éco;L'économie dans le monde par Lise Jolly;Radio;France Info;2017-12-16 11:54:00 UTC;16;63;37;0;Reportages Actualité;Business;evst-user-add;http://radiofrance-podcast.net/podcast09/rss_14549.xml;http://is3.mzstatic.com/image/thumb/Music71/v4/89/8c/52/898c52e7-7110-0d7e-fafa-41fefa82202c/source/100x100bb.jpg;http://is3.mzstatic.com/image/thumb/Music71/v4/89/8c/52/898c52e7-7110-0d7e-fafa-41fefa82202c/source/600x600bb.jpg
425682;0;f41a609fde9dfe9d8af6f1b808cffe0247ac6bb4;FR (FR);Les pourquoi;Chaque samedi, Philippe Vandel répond aux questions que nous nous posons toutes et tous, même les plus inattendues.;Radio;France Info;2017-08-27 04:25:00 UTC;20;33;13;0;Reportages Culturels;Society & Culture;;http://radiofrance-podcast.net/podcast09/rss_11453.xml?format=XML;http://media.radiofrance-podcast.net/podcast09/RF_OMM_0000014120_ITE.jpg;http://media.radiofrance-podcast.net/podcast09/RF_OMM_0000014120_ITE.jpg
532855;0;94b67b880626aa4d92f00d1ee92fdb72196f7c93;FR (FR);Un festival de palmes;Tout savoir sur le festival de cannes;Radio;France Info;2017-05-13 11:50:00 UTC;20;24;1;0;Reportages Actualité;News & Politics;;http://radiofrance-podcast.net/podcast09/rss_17255.xml;http://is3.mzstatic.com/image/thumb/Music111/v4/37/e8/e1/37e8e16d-bd18-eba3-c245-ee50c27c01ac/source/100x100bb.jpg;http://is3.mzstatic.com/image/thumb/Music111/v4/37/e8/e1/37e8e16d-bd18-eba3-c245-ee50c27c01ac/source/600x600bb.jpg
432035;0;e9c18303f0e44c048e1adb718e564181cd41278c;FR (FR);Morin a réponse à tout;Les nuits de Daniel Morin sont plus agitées que vos jours. Et quand l'actualité s'en mêle, ses rêves ne manquent pas de piquant !;Radio;France Inter;2018-04-10 09:45:00 UTC;182;150;88;0;Fun;Comedy;evst-user-add;http://radiofrance-podcast.net/podcast09/rss_16562.xml;https://is2-ssl.mzstatic.com/image/thumb/Music111/v4/c3/bc/34/c3bc34d0-59de-159c-d4ae-18aedb54982b/source/100x100bb.jpg;https://is2-ssl.mzstatic.com/image/thumb/Music111/v4/c3/bc/34/c3bc34d0-59de-159c-d4ae-18aedb54982b/source/600x600bb.jpg
356919;0;d4c6ab684e053a3f876d96e44e3c3bff545b24b1;FR (FR);Idées reçues;Les Idées reçues sont-elles vraies ? ;Radio;France Inter;2017-08-27 06:40:00 UTC;9;149;60;0;Reportages Actualité;News & Politics;;http://radiofrance-podcast.net/podcast09/rss_15691.xml;http://is1.mzstatic.com/image/thumb/Music62/v4/3d/f0/c0/3df0c006-0744-0f94-870a-099cbd568b2f/source/100x100bb.jpg;http://is1.mzstatic.com/image/thumb/Music62/v4/3d/f0/c0/3df0c006-0744-0f94-870a-099cbd568b2f/source/600x600bb.jpg
144459;0;7b1bb6f98902b8f76afc5539024b5b93e74693fe;FR (FR);L'interview;Des immersions dans des lieux insolites avec Jacques Monin;Radio;France Inter;2018-05-05 11:55:00 UTC;11;129;14;0;Reportages Culturels;News & Politics;;http://radiofrance-podcast.net/podcast09/rss_14170.xml;https://is1-ssl.mzstatic.com/image/thumb/Music62/v4/63/fa/7c/63fa7ce7-94fc-0fe7-2897-90917b8c9de4/source/100x100bb.jpg;https://is1-ssl.mzstatic.com/image/thumb/Music62/v4/63/fa/7c/63fa7ce7-94fc-0fe7-2897-90917b8c9de4/source/600x600bb.jpg
439046;0;3f601a89557b64aafac46f1e593e05014f9f00fe;FR (FR);La petite mythologie d'un objet;Questions sociétales, modes de vie, psychologie, famille, éducation, santé, relation amoureuse, sexualité... La vie quotidienne à la sauce Inter avec Ali Rebeihi;Radio;France Inter;2018-05-11 08:40:00 UTC;10;124;15;0;Reportages Culturels;Society & Culture,History;evst-user-add;http://radiofrance-podcast.net/podcast09/rss_16606.xml;https://is5-ssl.mzstatic.com/image/thumb/Music111/v4/a3/d9/4d/a3d94d7c-f940-5064-d4ce-919a522081e2/source/100x100bb.jpg;https://is5-ssl.mzstatic.com/image/thumb/Music111/v4/a3/d9/4d/a3d94d7c-f940-5064-d4ce-919a522081e2/source/600x600bb.jpg
355042;0;2147fd9e0886cb7374e0370f627b065820c088d6;FR (FR);les dernières fois;Il y a un moment où l’on commence. Premier mot, premier pas… Il arrive parfois aussi qu’une décision ou qu’un long cheminement bouleverse notre vie. Ce sont nos “dernières fois”.;Radio;France Inter;2017-08-26 06:40:00 UTC;9;88;32;0;Reportages Culturels;Arts;;http://radiofrance-podcast.net/podcast09/rss_15696.xml;http://is5.mzstatic.com/image/thumb/Music62/v4/2a/b8/df/2ab8df8d-e98f-4295-8731-a71f020a2d1f/source/100x100bb.jpg;http://is5.mzstatic.com/image/thumb/Music62/v4/2a/b8/df/2ab8df8d-e98f-4295-8731-a71f020a2d1f/source/600x600bb.jpg
393577;0;712871f8f434694a7a768752e67603161375d10c;FR (FR);La vie des films;Dy decryptage et des avis sur des films par Guillemette Odicino;Radio;France Inter;2018-05-11 08:40:00 UTC;8;70;12;0;TV & Film;TV & Film;;http://radiofrance-podcast.net/podcast09/rss_16604.xml;https://is1-ssl.mzstatic.com/image/thumb/Music111/v4/2f/bb/83/2fbb83f9-3102-0fa8-378c-2e1bfcc4364d/source/100x100bb.jpg;https://is1-ssl.mzstatic.com/image/thumb/Music111/v4/2f/bb/83/2fbb83f9-3102-0fa8-378c-2e1bfcc4364d/source/600x600bb.jpg
483898;0;8ccabf0424719eb565ca357d8525867f829ecb1f;FR (FR);La campagne présidentielle à l'épreuve des faits;Les propositions de chaque candidat à l'épreuve de réalités du terrain : chaque soir dans le journal de 19h, un élément de programme passé en revue par un expert de la rédaction.;Radio;France Inter;2017-05-05 17:25:00 UTC;54;46;4;0;Politique;News & Politics;;http://radiofrance-podcast.net/podcast09/rss_17217.xml;http://is4.mzstatic.com/image/thumb/Music111/v4/6f/b6/64/6fb664e4-a053-01f7-5ada-73235cbd1eb0/source/100x100bb.jpg;http://is4.mzstatic.com/image/thumb/Music111/v4/6f/b6/64/6fb664e4-a053-01f7-5ada-73235cbd1eb0/source/600x600bb.jpg
219628;0;3ed421ec06e3a30d46ca704bd6f40936d1dfbff3;FR (FR);L'invité du WE;Les samedi et dimanche retrouvez les invités qui ont marqué l'actualité du week-end dans RTL Matin, RTL Midi et RTL Soir.;Radio;France Inter;2018-03-11 07:17:00 UTC;40;36;4;0;Reportages Actualité;News & Politics;;http://radiofrance-podcast.net/podcast09/rss_13904.xml;http://is5.mzstatic.com/image/thumb/Music62/v4/10/16/5f/10165f86-9634-59e2-b32b-60f60aad0dd5/source/100x100bb.jpg;http://is5.mzstatic.com/image/thumb/Music62/v4/10/16/5f/10165f86-9634-59e2-b32b-60f60aad0dd5/source/600x600bb.jpg
393583;0;ce9c4f224f1b73b21a69f4a248a0387528b6d39e;FR (FR);Le mot de la semaine;Analyse et décryptage d’un mot ou d’une séquence qui a marqué la semaine.;Radio;France Inter;2017-06-23 16:51:00 UTC;12;29;6;0;Reportages Actualité;News & Politics;;http://radiofrance-podcast.net/podcast09/rss_16717.xml;http://is5.mzstatic.com/image/thumb/Music111/v4/c9/82/82/c9828246-838f-4622-f00b-0970bee39cbb/source/100x100bb.jpg;http://is5.mzstatic.com/image/thumb/Music111/v4/c9/82/82/c9828246-838f-4622-f00b-0970bee39cbb/source/600x600bb.jpg
357469;0;046c2ee65b888f3b00d2703e4d09ca1df21bbc83;FR (FR);Les photos de l'année;Une photo, une histoire avec par Patricia Martin;Radio;France Inter;2017-06-24 04:25:00 UTC;12;20;36;0;Reportages Culturels;Arts;;http://radiofrance-podcast.net/podcast09/rss_15689.xml;http://is3.mzstatic.com/image/thumb/Music62/v4/a0/68/0c/a0680c34-4c0e-08e7-bc48-82cf3bc58226/source/100x100bb.jpg;http://is3.mzstatic.com/image/thumb/Music62/v4/a0/68/0c/a0680c34-4c0e-08e7-bc48-82cf3bc58226/source/600x600bb.jpg
122392;0;66cfe6960b1359d926aa55fc520bbac16d16e3b9;FR (FR);Le rendez-vous du médiateur;Une émission animée par le médiateur de Radio France, Bruno Denaes.;Radio;France Inter;2018-04-27 07:50:00 UTC;4;15;4;0;Reportages Culturels;Society & Culture;evst-user-add;http://radiofrance-podcast.net/podcast09/rss_11412.xml;https://is5-ssl.mzstatic.com/image/thumb/Music128/v4/8e/d6/4c/8ed64ce0-f7b7-4a33-1fb5-9093b5573527/source/100x100bb.jpg;https://is5-ssl.mzstatic.com/image/thumb/Music128/v4/8e/d6/4c/8ed64ce0-f7b7-4a33-1fb5-9093b5573527/source/600x600bb.jpg
967128;0;8c73f1c5eaea68d26f294c76d0e802e84c5b5b6f;FR (FR);La chronique de Redwane Telha;Focus sur un évènement de l'actualité médiatique;Radio;France Inter;2017-08-26 07:17:00 UTC;7;12;2;0;Art;Arts;;http://radiofrance-podcast.net/podcast09/rss_17394.xml;http://is2.mzstatic.com/image/thumb/Music118/v4/4d/a8/d2/4da8d217-07df-0366-ab54-5a901fc53ca0/source/100x100bb.jpg;http://is2.mzstatic.com/image/thumb/Music118/v4/4d/a8/d2/4da8d217-07df-0366-ab54-5a901fc53ca0/source/600x600bb.jpg
406243;0;81ce0d902942b475516e7c9d7a5e48d9e82e63a2;FR (FR);Quand on sera grand;Ce sera comment, quand on sera grand ? Question volontairement très large posée à des écrivains. Libre à eux de décider de l'échéance : en 2050, 2100, ou même après.;Radio;France Inter;2017-06-25 15:25:00 UTC;12;9;3;0;Littérature;Society & Culture;;http://radiofrance-podcast.net/podcast09/rss_16789.xml;http://is4.mzstatic.com/image/thumb/Music111/v4/4b/87/30/4b873066-7c16-da5b-0598-bba1b0d2c558/source/100x100bb.jpg;http://is4.mzstatic.com/image/thumb/Music111/v4/4b/87/30/4b873066-7c16-da5b-0598-bba1b0d2c558/source/600x600bb.jpg
412010;0;24f377f73fda33fa13bdd17f22fa1fed48d1b93a;FR (FR);L'édito de Denis Cheissoux;L’émission qui rapproche les hommes en nous rapprochant de la nature… par Denis Cheissoux;Radio;France Inter;2018-05-12 12:05:00 UTC;11;7;8;0;Science;Science & Medicine,Natural Sciences;evst-user-add;http://radiofrance-podcast.net/podcast09/rss_16716.xml;https://is3-ssl.mzstatic.com/image/thumb/Music19/v4/c9/29/00/c92900ec-4bc9-f72b-ca37-13a21c48274a/source/100x100bb.jpg;https://is3-ssl.mzstatic.com/image/thumb/Music19/v4/c9/29/00/c92900ec-4bc9-f72b-ca37-13a21c48274a/source/600x600bb.jpg
483896;0;23474b77e80fd824d186b8309b8fca34b8286d5d;FR (FR);Les programmes au banc d'essai;Chaque jour, les journalistes du service politique de France Inter confrontent les propositions, thématique par thématique, de chacun des candidats à l'élection présidentielle.;Radio;France Inter;2017-05-05 06:20:00 UTC;56;7;4;0;Politique;News & Politics;;http://radiofrance-podcast.net/podcast09/rss_17216.xml;http://is1.mzstatic.com/image/thumb/Music111/v4/94/fe/ab/94feab19-aa1a-1fd6-2828-99eac9db27d0/source/100x100bb.jpg;http://is1.mzstatic.com/image/thumb/Music111/v4/94/fe/ab/94feab19-aa1a-1fd6-2828-99eac9db27d0/source/600x600bb.jpg
437554;0;be04c04d6524c877a0a41b23d3c357d96703f33a;FR (FR);L'Esprit Inter;Découvrez les instants cultes qui font que France Inter est cette radio qui s’adresse et reçoit tous les publics par Mathias Deguelle;Radio;France Inter;2016-12-18 15:00:00 UTC;13;7;0;0;Reportages Culturels;News & Politics;;http://podcasts.apple.com/test/live_qa/esprit-quotes2.xml;http://is1.mzstatic.com/image/thumb/Music111/v4/5c/44/fe/5c44fe52-4024-edd5-0789-d90cdae62bf6/source/100x100bb.jpg;http://is1.mzstatic.com/image/thumb/Music111/v4/5c/44/fe/5c44fe52-4024-edd5-0789-d90cdae62bf6/source/600x600bb.jpg
358873;0;bfa88f304b6ae050eb53a0d910c1d9b80a138b0b;FR (FR);Le Brunch Media;Louis Morin et ses invités décodent toute l'actualité média de la semaine.;Natif;Sud Radio;2017-03-11 12:00:00 UTC;60;3;3;0;Reportages Actualité;Society Culture;;http://www.sudradio.fr/Sudradio/le-brunch-media.xml;http://www.sudradio.fr/var/plain_site/storage/images/sudradio/podcasts/le-brunch-media/3206465-8-fre-FR/Le-Brunch-Media.png;http://www.sudradio.fr/var/plain_site/storage/images/sudradio/podcasts/le-brunch-media/3206465-8-fre-FR/Le-Brunch-Media.png
151180;0;342dbf84f742914dbf2beaae8cda0befc3262e7c;FR (FR);Laissez-vous Tenter en vidéo;"À 9h, ""Laissez-Vous Tenter"" propose le panorama complet de l’actualité culturelle. Sous la houlette d'Yves Calvi et d’Anthony Martin, une demi-heure pour nous guider, informer et surprendre dans tous les domaines de la culture : cinéma, télévision, musique, théâtre, littérature et expositions…""Laissez-Vous Tenter"" est la seule émission culturelle et grand public diffusée sur cette tranche horaire. Chaque thème est développé par un expert : Anthony Martin, Chef du Service Culture, Steven Bellery pour la musique, Isabelle Morini-Bosc et Laurent Marsick pour la télévision, Stéphane Boudsocq pour le cinéma, Bernard Lehut pour les livres, Monique Younes pour le théâtre, la bande dessinée et les expositions et Charlotte Latour pour la musique classique.";Radio;RTL;2016-10-13 10:01:00 UTC;20;3;3;0;Reportages Culturels;littérature,Information,télévision,livre,Society & Culture,RTL,exclusivité,cinéma,disque,culture,théâtre,musique,spectacle,comédie,loisirs;;http://www.rtl.fr/podcast/laissez-vous-tenter-en-video.xml;http://is2.mzstatic.com/image/thumb/Music62/v4/30/db/ff/30dbff69-a0c9-6633-1e12-65ed6b43159f/source/100x100bb.jpg;http://is2.mzstatic.com/image/thumb/Music62/v4/30/db/ff/30dbff69-a0c9-6633-1e12-65ed6b43159f/source/600x600bb.jpg
483897;0;314878a49c2f0c2a95dd7cce26ee58fe01b77f82;FR (FR);Toute première fois;"""Toute première fois"", ce sont des jeunes qui votent pour la première fois, qui racontent ce qui compte pour eux et débattent sur les sujets oubliés de la campagne présidentielle. par Eric Valmir";Radio;France Inter;2017-05-13 06:20:00 UTC;11;3;5;0;Reportages Actualité;News & Politics;;http://radiofrance-podcast.net/podcast09/rss_17215.xml;http://is2.mzstatic.com/image/thumb/Music122/v4/e9/29/f5/e929f58e-8e1d-0ecf-1e9e-03500c26f7d6/source/100x100bb.jpg;http://is2.mzstatic.com/image/thumb/Music122/v4/e9/29/f5/e929f58e-8e1d-0ecf-1e9e-03500c26f7d6/source/600x600bb.jpg
61780;0;5c02a58b7f1373fe8606f8e449ee56e38e24ac62;FR (FR);C'est tout naturel;De la science, des animaux, des debats, de l'écologie par Dorothée Barba;Radio;France Inter;2016-06-26 03:09:00 UTC;1;2;2;0;Science;News & Politics;;http://radiofrance-podcast.net/podcast09/rss_14540.xml;http://is2.mzstatic.com/image/thumb/Music6/v4/03/e2/a9/03e2a94b-c7a7-9ac1-15a1-4a8bd2b04294/source/100x100bb.jpg;http://is2.mzstatic.com/image/thumb/Music6/v4/03/e2/a9/03e2a94b-c7a7-9ac1-15a1-4a8bd2b04294/source/600x600bb.jpg
62243;0;d1d7d722041536447cf09476554f37f576cd2983;FR (FR);IL EXISTE UN ENDROIT;Découvrez des endroits qui sortent de l'ordinaire par Alexandre Héraud;Radio;France Inter;2017-05-15 15:56:53 UTC;1;0;2;0;Reportages Culturels;Society & Culture;;http://radiofrance-podcast.net/podcast09/rss_13284.xml;http://is3.mzstatic.com/image/thumb/Music/v4/97/04/6e/97046ecc-7644-faa8-c892-91f34996ec4d/source/100x100bb.jpg;http://is3.mzstatic.com/image/thumb/Music/v4/97/04/6e/97046ecc-7644-faa8-c892-91f34996ec4d/source/600x600bb.jpg
493362;0;34e7c11c9d311fcce5156fbb1d9cc2d881a7b22e;FR (FR);Les voeux du président de la république;Les voeux du président de la république par France Inter;Radio;France Inter;2017-12-31 19:20:00 UTC;2;0;0;0;Reportages Actualité;News & Politics;;http://radiofrance-podcast.net/podcast09/rss_17072.xml;http://is2.mzstatic.com/image/thumb/Music122/v4/e5/73/2c/e5732c02-c33c-086d-d58b-feeaab6cf819/source/100x100bb.jpg;http://is2.mzstatic.com/image/thumb/Music122/v4/e5/73/2c/e5732c02-c33c-086d-d58b-feeaab6cf819/source/600x600bb.jpg
188064;0;baf224b87727b3c137538213d32ea94dd468a662;FR (FR);Le club RFI;"Le Club RFI, le rendez-vous des initiatives.
Chaque semaine, les Clubs RFI participent à l’émission. Ils présentent leurs initiatives (sous forme de reportage), une chronique libre (un poème, une histoire drôle, un extrait de nouvelle, une recette atypique…).
Le cousin: Le club invite une personnalité, un exemple de réussite (artiste, écrivain, peintre, entrepreneur…).
Les membres du club lui posent des questions en direct.
D’autres chroniques étoffent la programmation:
Cultures et Traditions (Sayouba Traoré), Les Bonnes Nouvelles (Chrystelle Nammour), Paroles de Réfugiés (Sébastien Bonijol), Les Jeunes Talents (musiques) avec Daniel Lieuze…
Et pour finir : l’agenda, le calendrier des activités des clubs.
";Radio;RFI - Eric Amiens;2018-05-12 17:40:00 UTC;20;34;26;0;Reportages Culturels;Society & Culture;evst-user-add;http://www.rfi.fr/emission/le-club-rfi/podcast;https://is5-ssl.mzstatic.com/image/thumb/Music62/v4/ae/5b/83/ae5b8362-f35f-8e66-17b7-770052267e90/source/100x100bb.jpg;https://is5-ssl.mzstatic.com/image/thumb/Music62/v4/ae/5b/83/ae5b8362-f35f-8e66-17b7-770052267e90/source/600x600bb.jpg
343956;0;3f7caf1ed9cdf34a89688c616d7201d8e05ec3fc;FR (FR);Le weekend des experts : Votre maison;Christian Pessey est le super bricoleur de RMC pour une heure de conseil maison avec François Sorel.;Radio;RMC;2018-05-12 06:25:52 UTC;20;84;12;0;Reportages Culturels;Talk Radio;;http://podcast.rmc.fr/channel54/RMCInfochannel54.xml;https://podcast.rmc.fr/images/1400_experts_maisonjpg_20150327152537.jpg;https://podcast.rmc.fr/images/1400_experts_maisonjpg_20150327152537.jpg
181869;0;829506a2877acc3121593af8d667dd16dba8f57f;FR (FR);Les Trophées PME Bougeons-Nous;"RMC organise sa 5ème édition des Trophées PME Bougeons-Nous pour mettre à l'honneur ces entreprises françaises qui emploient, innovent et créent de la richesse.
Chaque matin dans Bourdin Direct découvrez une histoire de PME qui « se bouge » !";Radio;RMC;2017-10-18 08:14:01 UTC;30;21;1;0;Reportages Culturels;Talk Radio;;http://podcast.rmc.fr/channel214/RMCInfochannel214.xml;http://is4.mzstatic.com/image/thumb/Music3/v4/ef/d8/76/efd8766c-eb04-4980-8950-5147eaf6f414/source/100x100bb.jpg;http://is4.mzstatic.com/image/thumb/Music3/v4/ef/d8/76/efd8766c-eb04-4980-8950-5147eaf6f414/source/600x600bb.jpg
488330;0;73d2afcf8c0928e25ebed3ee01147171e4558cd8;FR (FR);Empreinte digitale;c'est le RDV connecté de Pure. Un vidéocast pour informer et décrypter la révolution digitale ;Radio;RTBF;2018-05-08 22:00:00 UTC;20;27;13;0;Technologie;Musique;evst-user-add;http://rss.rtbf.be/media/rss/audio/pu-empreinte_recent.xml;https://is4-ssl.mzstatic.com/image/thumb/Music118/v4/26/e5/23/26e52367-c857-cec2-1f8b-40a4e1491764/source/100x100bb.jpg;https://is4-ssl.mzstatic.com/image/thumb/Music118/v4/26/e5/23/26e52367-c857-cec2-1f8b-40a4e1491764/source/600x600bb.jpg
25075;0;6ae37674fa633750a3b87146ff6bf3ca5cb33bc3;FR (FR);Tanguy Pastureau en vidéo;Le weekend à 8h43 et 9h34, retrouvez l'actualité hebdomadaire selon la vision décalée de Tanguy Pastureau.;Radio;RTL;2016-10-16 09:12:00 UTC;100;230;10;0;Fun;Information,humour,RTL,actualité,rire,News & Politics,culture,Tanguy Pastureau;;http://www.rtl.fr/podcast/tanguy-pastureau-en-video.xml;http://is2.mzstatic.com/image/thumb/Music71/v4/12/f6/55/12f655ec-4429-77d6-2397-ead67e621108/source/100x100bb.jpg;http://is2.mzstatic.com/image/thumb/Music71/v4/12/f6/55/12f655ec-4429-77d6-2397-ead67e621108/source/600x600bb.jpg
37868;0;a68205e2bb2b2b2b434a78d0c3e3593b460d2baa;FR (FR);A la Bonne Heure ! : Le papier du jour;"Retrouvez,la chronique ""Le Papier de Jour"" présentée, tour à tour, par Cyprien Cini, Tanguy Pastureau, Régis Mailhot, Joëlle Goron et Adeline François.";Radio;RTL;2016-08-29 10:31:00 UTC;100;74;15;0;Fun;littérature,humour,RTL,Divertissement,cinéma,culture,Stéphane Bern,théâtre,musique,spectacle,Comedy,loisirs;;http://www.rtl.fr/podcast/a-la-bonne-heure-le-billet-du-jour.xml;https://is5-ssl.mzstatic.com/image/thumb/Music7/v4/c1/dc/71/c1dc71dd-b99a-bcf2-13f8-d36a18ff51cf/source/100x100bb.jpg;https://is5-ssl.mzstatic.com/image/thumb/Music7/v4/c1/dc/71/c1dc71dd-b99a-bcf2-13f8-d36a18ff51cf/source/600x600bb.jpg
52070;0;90391407ae944a6232a3296de7adc819cc63d43d;FR (FR);A la bonne heure ! : Les Rumeurs du Net;"Découvrez la chronique ""Les Rumeurs du Net"", du lundi au vendredi dans l'émission A la Bonne Heure de Stéphane Bern !";Radio;RTL;2016-08-29 10:35:00 UTC;100;69;6;0;Fun;littérature,humour,RTL,Divertissement,cinéma,culture,Stéphane Bern,théâtre,musique,spectacle,Comedy,loisirs;;http://www.rtl.fr/podcast/a-la-bonne-heure-rumeurs-net.xml;https://is4-ssl.mzstatic.com/image/thumb/Music4/v4/9e/82/8d/9e828d05-2310-51f8-edba-e1338968102d/source/100x100bb.jpg;https://is4-ssl.mzstatic.com/image/thumb/Music4/v4/9e/82/8d/9e828d05-2310-51f8-edba-e1338968102d/source/600x600bb.jpg
36557;0;d3ea490ab4890eeee4e01fbd12b57f9f61918cf9;FR (FR);Bon Plan du Net;Du lundi au vendredi au vendredi, Charlotte Arrigoni vous trouve le bon plan du net.;Radio;RTL;2016-07-07 04:00:00 UTC;50;53;10;0;Technologie;net,internet,Charlotte Arrigoni,bons plans,Society & Culture;;http://www.rtl.fr/podcast/bon-plan-du-net.xml;http://is3.mzstatic.com/image/thumb/Music2/v4/ac/c8/75/acc8757f-857b-6c57-77ec-f3a4828a1ddb/source/100x100bb.jpg;http://is3.mzstatic.com/image/thumb/Music2/v4/ac/c8/75/acc8757f-857b-6c57-77ec-f3a4828a1ddb/source/600x600bb.jpg
208586;0;1533f2e7adc4da93ff211227f5f280d7fa760862;FR (FR);Drôle de rencontre;Avec un regard décalé et impertinent, Cyprien Cini va à la rencontre des personnalités diverses qui ont marqué l'année.;Radio;RTL;2016-08-26 06:30:00 UTC;50;41;3;0;Portraits;Cyprien Cini,décalé,humour,rencontre,actualité,Society & Culture,personnalité;;http://www.rtl.fr/podcast/drole-de-rencontre.xml;http://is4.mzstatic.com/image/thumb/Music7/v4/c4/d7/91/c4d791b3-258e-78c6-5750-6c8b3c972f6f/source/100x100bb.jpg;http://is4.mzstatic.com/image/thumb/Music7/v4/c4/d7/91/c4d791b3-258e-78c6-5750-6c8b3c972f6f/source/600x600bb.jpg
356039;0;2464e554503cf811c841ba3b70a4d5e7961db6a4;FR (FR);Le Grand Quiz de l'été;Avec Bruno Guillon et Caroline Diament, cet été, les auditeurs peuvent tester leur culture générale et leur sang-froid en jouant eux. Tentez de remporter de nombreux cadeaux ou 1000 euros. Pour cela, il suffit de répondre au plus grand nombre de questions... En une minute !;Radio;RTL;2017-07-11 09:30:00 UTC;30;28;24;0;Fun;nouveauté,été,Games & Hobbies,RTL,Divertissement,Bruno Guillon,jeux,Caroline Diament,Quiz;;http://www.rtl.fr/podcast/le-grand-quiz-de-l-ete.xml;http://is1.mzstatic.com/image/thumb/Music20/v4/ef/83/44/ef834405-0ca3-e2a3-6900-cce36e2b7aba/source/100x100bb.jpg;http://is1.mzstatic.com/image/thumb/Music20/v4/ef/83/44/ef834405-0ca3-e2a3-6900-cce36e2b7aba/source/600x600bb.jpg
147367;0;1dc264fc88938a274074a0d7d04f6928d3f61a6d;FR (FR);Le Grand Studio RTL Humour en vidéo;Un samedi par mois, il vous donne rendez-vous pour une heure de rire dans Le Grand Studio RTL. Les plus grands artistes du moments et ceux de demain passent par l'émission incontournable présentée par Laurent Boyer.;Radio;RTL;2016-09-29 13:27:00 UTC;10;22;3;0;Fun;vidéo,RTL,Comedy,humour,Laurent Boyer;;http://www.rtl.fr/podcast/le-grand-studio-rtl-humour-en-video.xml;http://is3.mzstatic.com/image/thumb/Music71/v4/9b/b3/ff/9bb3ff6f-de63-cb74-909d-3c2f6812aee4/source/100x100bb.jpg;http://is3.mzstatic.com/image/thumb/Music71/v4/9b/b3/ff/9bb3ff6f-de63-cb74-909d-3c2f6812aee4/source/600x600bb.jpg
39426;0;ebe58e82aa4caeeee053e2dbfc74a6350bb71a63;FR (FR);L'Edito d'Alain Duhamel en vidéo;Alain Duhamel, grande signature de la station, délivre son analyse du monde politique en signant l’Édito de RTL Soir à 18h33.;Radio;RTL;2016-10-12 17:20:00 UTC;122;19;4;0;Politique;Information,débat,politique,RTL,actualité,News & Politics,économie,opinion,Alain Duhamel,société;;http://www.rtl.fr/podcast/l-edito-d-alain-duhamel-en-video.xml;http://is3.mzstatic.com/image/thumb/Music71/v4/c4/43/f5/c443f5e9-dc73-fe72-8468-5322e5569707/source/100x100bb.jpg;http://is3.mzstatic.com/image/thumb/Music71/v4/c4/43/f5/c443f5e9-dc73-fe72-8468-5322e5569707/source/600x600bb.jpg
37829;0;6f1530f2d333705f3795db8ad2b6f16900cd5067;FR (FR);A la Bonne Heure en vidéo;Entouré de chroniqueurs de talent, Stéphane Bern reçoit chaque jour, en direct et en public, une personnalité qui nourrit l’actualité, pour une heure trente de culture et de bonne humeur.Rendez-vous tous les jours de 11h à 12h30 sur RTL avec Stéphane Bern  avec au programme,  curiosité et culture, liberté de ton et bonne humeur !;Radio;RTL;2015-01-28 15:37:00 UTC;100;19;4;0;Fun;littérature,humour,RTL,Divertissement,cinéma,culture,Stéphane Bern,théâtre,musique,spectacle,Comedy,loisirs;;http://www.rtl.fr/podcast/a-la-bonne-heure-en-video.xml;http://is2.mzstatic.com/image/thumb/Music4/v4/88/33/90/88339083-b75d-b2f8-98a2-d11002eaef95/source/100x100bb.jpg;http://is2.mzstatic.com/image/thumb/Music4/v4/88/33/90/88339083-b75d-b2f8-98a2-d11002eaef95/source/600x600bb.jpg
356475;0;731e74e51d713d54f91487e7e3a9584a983d0a9b;FR (FR);Mon Métier, ma Passion;Portrait d'artisans aux métiers insolites ou de professionnels qui exercent leurs passions. Comment une greffière se dévoue à la justice, un policier au maintien de l'ordre, un artisan se passionne pour la réparation des poupées...;Radio;RTL;2016-08-19 05:30:00 UTC;30;14;2;0;Portraits;Information,nouveauté,News & Politics;;http://www.rtl.fr/podcast/mon-metier-ma-passion.xml;http://is2.mzstatic.com/image/thumb/Music20/v4/05/8a/8e/058a8e0c-7ddf-9f77-3c07-a93e83354fb7/source/100x100bb.jpg;http://is2.mzstatic.com/image/thumb/Music20/v4/05/8a/8e/058a8e0c-7ddf-9f77-3c07-a93e83354fb7/source/600x600bb.jpg
105782;0;103ab6930874a7fc59e30d93da1132f55445bbc9;FR (FR);Eco Ménanteau en vidéo;Christian Menanteau rejoint cette année l’équipe de RTL Petit Matin et offre tous les jours à 6h50 un tour complet de l’actualité économique aux auditeurs;Radio;RTL;2016-10-17 05:37:00 UTC;10;14;2;0;Business & éco.;Information,finance,Business,économie,actualité,Christian Ménanteau,RTL;;http://www.rtl.fr/podcast/eco-menanteau-en-video.xml;http://is3.mzstatic.com/image/thumb/Music71/v4/46/71/c5/4671c54a-6a50-abbf-48f7-980d6f76f48b/source/100x100bb.jpg;http://is3.mzstatic.com/image/thumb/Music71/v4/46/71/c5/4671c54a-6a50-abbf-48f7-980d6f76f48b/source/600x600bb.jpg
67234;0;e789bcb45d786ee5cb7d10e1ecd3980331fb7e4c;FR (FR);L'Edito Politique en vidéo;Du lundi au vendredi à 7h20, Alba Ventura passe l’actualité politique au peigne fin et apporte son expertise des affaires publiques avec un soupçon d'impertinence et toujours quelques grammes de sourire.;Radio;RTL;2016-10-17 07:50:00 UTC;100;12;3;0;Politique;Information,débat,politique,RTL,actualité,News & Politics,Alba Ventura,économie,opinion,société;;http://www.rtl.fr/podcast/l-edito-politique-en-video.xml;http://is2.mzstatic.com/image/thumb/Music71/v4/46/c3/7f/46c37f9a-1ec1-4265-d07e-3ff55796e392/source/100x100bb.jpg;http://is2.mzstatic.com/image/thumb/Music71/v4/46/c3/7f/46c37f9a-1ec1-4265-d07e-3ff55796e392/source/600x600bb.jpg
41050;0;927226a3aca3f5b9153b41530819a5a0297a3592;FR (FR);Le jeu de 6h10;"Retrouvez Le jeu de 6h10 dans l'émission ""Bruno dans la radio"" sur Fun Radio";Radio;RTL;2017-01-30 06:44:00 UTC;10;11;9;0;Fun;Comedy,bruno,bruno dans la radio;;http://www.funradio.fr/podcast/le-jeu-de-6h10.xml;http://is4.mzstatic.com/image/thumb/Music71/v4/c0/25/46/c0254605-ec4d-9256-832a-f82d684795ba/source/100x100bb.jpg;http://is4.mzstatic.com/image/thumb/Music71/v4/c0/25/46/c0254605-ec4d-9256-832a-f82d684795ba/source/600x600bb.jpg
23920;0;63fe73bd160fc4f0a442d07e2c2d03e43cdf6963;FR (FR);C'est sur le net;Du lundi au vendredi à 06h16, Cyprien Cini suit l'actualité du web. Il vous révèle ce qui fait le buzz sur la toile.;Radio;RTL;2016-07-06 04:30:00 UTC;100;10;12;0;Fun;Information,humour,Society & Culture,RTL,buzz,culture,web,internet,vidéo,insolite;;http://www.rtl.fr/podcast/c-est-sur-le-net.xml;http://is3.mzstatic.com/image/thumb/Music7/v4/8c/b2/2c/8cb22cc6-e823-e7ec-29ce-db8afab790ec/source/100x100bb.jpg;http://is3.mzstatic.com/image/thumb/Music7/v4/8c/b2/2c/8cb22cc6-e823-e7ec-29ce-db8afab790ec/source/600x600bb.jpg
97250;0;c0674157b28dd4b08acd6602695146f9225c6e16;FR (FR);Le Grand Studio RTL en vidéo;Le samedi à 15h, c'est Grand Studio RTL. Passage obligé des plus grandes stars mais aussi des artistes en devenir. Au programme : musique live et interviews. Avec cette année encore la promesse de moments d’exception, rares et privilégiés.;Radio;RTL;2016-05-20 15:44:00 UTC;10;8;1;0;Reportages Culturels;Eric Jean-Jean,RTL,Divertissement,Music,musique,vidéo;;http://www.rtl.fr/podcast/le-grand-studio-rtl-en-video.xml;https://is2-ssl.mzstatic.com/image/thumb/Music71/v4/74/62/e6/7462e65d-2007-7dce-7a45-c1fc78bfe4e9/source/100x100bb.jpg;https://is2-ssl.mzstatic.com/image/thumb/Music71/v4/74/62/e6/7462e65d-2007-7dce-7a45-c1fc78bfe4e9/source/600x600bb.jpg
361467;0;346789aa853cbc94c944b1e04f0c79d642f0ae2d;FR (FR);Questions de Confiance;Sept personnalités politiques se sont prêtées à une série de questions étonnantes et parfois intimes tirées au sort parmi une cinquantaine. Le but : dévoiler leurs personnalités et leurs ambitions avouées ou pas. Surprenant.;Radio;RTL;2016-08-20 07:30:00 UTC;6;7;1;0;Portraits;politique,nouveauté,actualités,News & Politics;;http://www.rtl.fr/podcast/questions-de-confiance.xml;http://is2.mzstatic.com/image/thumb/Music18/v4/28/5c/00/285c002d-d171-82c1-7248-3aed67d96b29/source/100x100bb.jpg;http://is2.mzstatic.com/image/thumb/Music18/v4/28/5c/00/285c002d-d171-82c1-7248-3aed67d96b29/source/600x600bb.jpg
97936;0;d5f004bb2427742dfb7daf7c28259743ae9d337f;FR (FR);Chemins d'écrivains;Chaque Dimanche, Bernard Lehut part à la rencontre d'un écrivain. Ensemble, ils parcourent sa carrière et nous livrent les petits secrets qui font les grands Hommes.;Radio;RTL;2016-08-21 11:10:00 UTC;39;5;5;0;Littérature;Information,livre,Society & Culture,Divertissement,histoire,écrivain,écriture;;http://www.rtl.fr/podcast/chemins-d-ecrivains.xml;http://is4.mzstatic.com/image/thumb/Music6/v4/3f/ee/48/3fee4841-904d-b161-ded6-426d0ac1cd3d/source/100x100bb.jpg;http://is4.mzstatic.com/image/thumb/Music6/v4/3f/ee/48/3fee4841-904d-b161-ded6-426d0ac1cd3d/source/600x600bb.jpg
252889;0;65b01072498aa610c672aeeaf09cd4832deff5e0;FR (FR);Saveurs d'été;Le week-end à 8h45, le service Qualité de la Vie vous fait découvrir les produits de notre terroir afin d'agrémenter vos repas de vacances;Radio;RTL;2015-08-16 07:00:00 UTC;12;4;2;0;Gastronomie;été,actualité,Society & Culture;;http://www.rtl.fr/podcast/saveurs-d-ete.xml;http://is2.mzstatic.com/image/thumb/Music7/v4/4c/d0/b4/4cd0b44c-1044-5580-aea0-b7e2fee36e81/source/100x100bb.jpg;http://is2.mzstatic.com/image/thumb/Music7/v4/4c/d0/b4/4cd0b44c-1044-5580-aea0-b7e2fee36e81/source/600x600bb.jpg
105831;0;1a105338889e29e39693bace587134e4a76edeba;FR (FR);La Télé du soir;Du lundi au vendredi à 6h25, Isabelle Morini-Bosc vous conseille sur le programme TV du soir.;Radio;RTL;2016-08-24 16:35:00 UTC;10;2;9;0;TV & Film;Information,télévision,TV & Film,culture,télé,Isabelle Morini-Bosc;;http://www.rtl.fr/podcast/la-tele-du-soir.xml;https://is5-ssl.mzstatic.com/image/thumb/Music/v4/26/84/2a/26842aa4-4bcb-41a0-5661-22ff412ab776/source/100x100bb.jpg;https://is5-ssl.mzstatic.com/image/thumb/Music/v4/26/84/2a/26842aa4-4bcb-41a0-5661-22ff412ab776/source/600x600bb.jpg
37833;0;9c4b7b2eb6dcefb417e2e6b5c485f1cecc37fcff;FR (FR);Drôle de semaine;Les samedi et dimanche de 13h30 à 14h, Jade vous fait revivre tous les moments drôles de l'antenne RTL de la semaine.;Radio;RTL;2016-07-09 12:00:00 UTC;50;2;4;0;Fun;Comedy;;http://www.rtl.fr/podcast/drole-de-semaine.xml;http://is2.mzstatic.com/image/thumb/Music7/v4/c5/6b/9c/c56b9cfc-246c-0b44-de69-18fe85a8ca52/source/100x100bb.jpg;http://is2.mzstatic.com/image/thumb/Music7/v4/c5/6b/9c/c56b9cfc-246c-0b44-de69-18fe85a8ca52/source/600x600bb.jpg
85249;0;05420380ca37bc7666dfe959730d13570e717478;FR (FR);A la bonne heure ! : La question imposée à poser;La question imposée à poser à l'invité de Stéphane Bern chaque jour dans A la bonne Heure.;Radio;RTL;2016-07-01 10:32:00 UTC;50;2;3;0;Fun;interview,RTL,Divertissement,Comedy,Stéphane Bern;;http://www.rtl.fr/podcast/a-la-bonne-heure-la-question-imposee-a-poser.xml;http://is4.mzstatic.com/image/thumb/Music69/v4/38/4f/ee/384feeef-6893-9ad6-89b1-3efb9857f849/source/100x100bb.jpg;http://is4.mzstatic.com/image/thumb/Music69/v4/38/4f/ee/384feeef-6893-9ad6-89b1-3efb9857f849/source/600x600bb.jpg
211123;0;665f0b8947eed078bddb2087df8d59c45eb6602f;FR (FR);Le premier auditeur;Dès la fin de l'interview de l'invité, Christelle Rebière et Vincent Parizot ouvrent le débat avec un premier auditeur qui réagit à chaud aux propos tenus.;Radio;RTL;2016-05-31 11:00:00 UTC;50;2;1;0;Reportages Actualité;débat,Vincent Parizot,RTL,Christelle Rebière,News & Politics,interview,auditeur;;http://www.rtl.fr/podcast/le-premier-auditeur.xml;http://is5.mzstatic.com/image/thumb/Music7/v4/ee/36/e3/ee36e37f-42a1-375e-82a6-5a6eb63e3357/source/100x100bb.jpg;http://is5.mzstatic.com/image/thumb/Music7/v4/ee/36/e3/ee36e37f-42a1-375e-82a6-5a6eb63e3357/source/600x600bb.jpg
105764;0;03f11f9f0de0bcdfc0ea022d187bce71fd30701c;FR (FR);Le répondeur de Bruno;"Retrouvez Le répondeur de Bruno dans l'émission ""Bruno dans la radio"" sur Fun Radio";Radio;RTL;2017-01-25 07:24:00 UTC;28;1;7;0;Fun;Comedy,bruno,bruno dans la radio;;http://www.funradio.fr/podcast/le-repondeur-de-bruno.xml;http://is4.mzstatic.com/image/thumb/Music71/v4/65/bd/94/65bd94ab-118a-d94b-6f30-092d42804c44/source/100x100bb.jpg;http://is4.mzstatic.com/image/thumb/Music71/v4/65/bd/94/65bd94ab-118a-d94b-6f30-092d42804c44/source/600x600bb.jpg
63455;0;8e05f6dffe8d5f7e294da8b9857d848a56de3695;FR (FR);Le Saviez-vous;Cyprien Cini vous apporte une explication, une histoire ou une anecdote sur l'actualité du jour pour permettre d'éclairer les auditeurs et de les faire avancer dans leur réflexion...;Radio;RTL;2016-07-06 05:00:00 UTC;50;1;5;0;Reportages Actualité;Society & Culture;;http://www.rtl.fr/podcast/le-saviez-vous.xml;http://is1.mzstatic.com/image/thumb/Music6/v4/d2/76/ca/d276ca3c-3d03-12b8-ba9e-312d0e07b2eb/source/100x100bb.jpg;http://is1.mzstatic.com/image/thumb/Music6/v4/d2/76/ca/d276ca3c-3d03-12b8-ba9e-312d0e07b2eb/source/600x600bb.jpg
365797;0;7e148bb93ce6a1213d3fd79c307b9b738dc5be79;FR (FR);Radio do Brazil;Christian Ollivier vous dit tout sur les dernières actualités des JO avec témoignages, anecdotes et informations exclusives sur les coulisses des Jeux Olympiques de Rio 2016.;Radio;RTL;2016-08-17 05:25:00 UTC;10;1;0;0;Sport;Information,Sport,Sports & Recreation,nouveauté;;http://www.rtl.fr/podcast/radio-do-brazil.xml;http://is4.mzstatic.com/image/thumb/Music42/v4/96/31/37/9631374c-4a28-9368-b179-87c5cdbda5c5/source/100x100bb.jpg;http://is4.mzstatic.com/image/thumb/Music42/v4/96/31/37/9631374c-4a28-9368-b179-87c5cdbda5c5/source/600x600bb.jpg
209185;0;089aa7eb76b8431b81165b63b3ef3bdb80930f2e;FR (FR);La Roue des Défis;"Retrouvez ""La Roue des Défis"" dans l'émission ""Bruno dans la radio"" sur FunRadio.";Radio;RTL;2016-03-18 07:38:00 UTC;20;0;1;0;Fun;Comedy,bruno,bruno dans la radio;;http://www.funradio.fr/podcast/la-roue-des-defis.xml;http://is3.mzstatic.com/image/thumb/Music71/v4/21/46/95/214695a6-b811-4c53-006c-51ece0f79893/source/100x100bb.jpg;http://is3.mzstatic.com/image/thumb/Music71/v4/21/46/95/214695a6-b811-4c53-006c-51ece0f79893/source/600x600bb.jpg
83360;0;837853cbce1747090ff2b3acb9f28f050bc577f1;FR (FR);Y'a pas d'âge pour l'actu;Après l'actualité sort de la bouche des enfants qui a fait les beaux jours de RTL Soir, Lauriane Dervault confronte cette saison l'avis des plus petits à celui des plus anciens...;Radio;RTL;2016-07-01 17:00:00 UTC;10;0;1;0;Reportages Actualité;Information,politique,économie,actualité,News & Politics,Lauriane Dervault,faits divers,enfant;;http://www.rtl.fr/podcast/y-a-pas-dage-pour-l-actu.xml;http://is3.mzstatic.com/image/thumb/Music4/v4/84/78/92/84789295-a606-a23a-1891-6bc039f04cf2/source/100x100bb.jpg;http://is3.mzstatic.com/image/thumb/Music4/v4/84/78/92/84789295-a606-a23a-1891-6bc039f04cf2/source/600x600bb.jpg
105762;0;c2f8e5cc5029bd475406f836ed474f634c4ac7a5;FR (FR);Guillon prend le soleil;Pendant tout l'été avec la complicité de Jean-Sébastien Petitdemange, Bruno Guillon nous invite à sillonner les routes de France sur RTL. Il conduit les auditeurs à la découverte des charmes que recèle notre pays.;Radio;RTL;;30;0;0;0;Reportages Culturels;RTL,Comedy,Jean-Sébastien Petitdemange,soleil,Bruno Guillon;;http://www.rtl.fr/podcast/guillon-prend-le-soleil.xml;http://is4.mzstatic.com/image/thumb/Music7/v4/08/f1/1b/08f11b40-d297-ebd7-3daa-df236bd9839f/source/100x100bb.jpg;http://is4.mzstatic.com/image/thumb/Music7/v4/08/f1/1b/08f11b40-d297-ebd7-3daa-df236bd9839f/source/600x600bb.jpg
63466;0;3273294de4af556c5561ca82b81d9fe054c5c0d5;FR (FR);Rendez-moi mon portable !;Carole Gaessler rejoint l'équipe de la première radio de France pour prendre les commandes de « Rendez-moi mon portable » tous les samedis et dimanches de juillet et août.Originale et unique en son genre, cette émission vous permet de découvrir une personnalité à travers ce qu’elle “cache” dans son portable.L’invité doit ainsi confier, en début d’émission, son téléphone à Carole Gaessler  qui le passe au crible pendant une heure ! Ce n’est donc pas la personnalité qui nous parle de son portable, mais bien son portable qui nous parle d’elle !Quelle relation entretient-t-elle avec son portable ? Quelles sont les personnes qu’elle appelle le plus souvent ? Quels sont les contacts les plus improbables présents dans son répertoire ? Quels SMS garde-t-elle jalousement ? Qui sont les personnes à qui elle refuse de répondre ? Quelle musique écoute-t-elle ? Découvrez l'invité à travers son téléphone portable !;Radio;RTL;;74;0;0;0;Portraits;Divertissement,Society & Culture;;http://www.rtl.fr/podcast/rendez-moi-mon-portable.xml;http://is3.mzstatic.com/image/thumb/Music4/v4/42/22/f3/4222f306-fa15-922c-50b0-36834d10cc31/source/100x100bb.jpg;http://is3.mzstatic.com/image/thumb/Music4/v4/42/22/f3/4222f306-fa15-922c-50b0-36834d10cc31/source/600x600bb.jpg
151346;0;52a5d359453d64be7075fc9aa255d712fe7933a3;FR (FR);L'enfant du pays;Laurent Marsick interroge une personnalité qui se souvient d'un lieu cher à son enfance où il avait l'habitude de passer ses vacances.;Radio;RTL;;30;0;0;0;Portraits;Divertissement,Society & Culture;;http://www.rtl.fr/podcast/l-enfant-du-pays.xml;http://is2.mzstatic.com/image/thumb/Music1/v4/9c/84/4e/9c844e15-10f8-f93b-7571-741ac932fa18/source/100x100bb.jpg;http://is2.mzstatic.com/image/thumb/Music1/v4/9c/84/4e/9c844e15-10f8-f93b-7571-741ac932fa18/source/600x600bb.jpg
203386;0;e95d9684df4f387d198c4f3acade3196740c794b;FR (FR);Conso Malin;Les conseils de l'été. Toutes les arnaques à éviter pendant l'été, tous les bons plans pour passer des vacances sereines.;;RTL;;10;0;0;0;Reportages Culturels;arnaque,bons plans,été,Society & Culture,vacances,consommation;;http://www.rtl.fr/podcast/conso-malin.xml;http://is4.mzstatic.com/image/thumb/Music1/v4/f3/d7/f9/f3d7f9e9-d2e5-b8dc-878e-93791dfcfcc8/source/100x100bb.jpg;http://is4.mzstatic.com/image/thumb/Music1/v4/f3/d7/f9/f3d7f9e9-d2e5-b8dc-878e-93791dfcfcc8/source/600x600bb.jpg
365798;0;948eb43d17ed50199136a9db7b9467f436c11a7c;FR (FR);Les JO de Marie-Jo;Découvrez la chronique de Marie-José Perec pendant les JO de Rio 2016. Elle commente l'actualité olympique et pose son regard en tant qu’athlète tricolore la plus titrée de l'histoire des Jeux.;;RTL;2016-08-21 22:00:00 UTC;10;0;0;0;Sport;Information,Sport,Sports & Recreation,nouveauté;;http://www.rtl.fr/podcast/les-jo-de-marie-jo-2.xml;http://is2.mzstatic.com/image/thumb/Music19/v4/e4/70/8d/e4708d14-bee5-311d-b691-1d6b35d77555/source/100x100bb.jpg;http://is2.mzstatic.com/image/thumb/Music19/v4/e4/70/8d/e4708d14-bee5-311d-b691-1d6b35d77555/source/600x600bb.jpg
252891;0;ac3b8aa1a512c3291f194f87d1939607e811d8b3;FR (FR);Le Grand Témoin en vidéo;De 19h15 à 20h, ils reçoivent une personnalité ayant du recul sur l'actualité afin d'évoquer l'état de la société française et revenir sur les grands débats qui l'agitent.;Radio;RTL;;4;0;0;0;Reportages Actualité;Information,politique,économie,News & Politics,Marc-Olivier Fogiel,Alain Duhamel,société,actualités;;http://www.rtl.fr/podcast/le-grand-temoin-en-video.xml;http://is3.mzstatic.com/image/thumb/Music3/v4/83/cf/97/83cf974d-cec2-ce78-9d21-144f63cc3e64/source/100x100bb.jpg;http://is3.mzstatic.com/image/thumb/Music3/v4/83/cf/97/83cf974d-cec2-ce78-9d21-144f63cc3e64/source/600x600bb.jpg
252887;0;f59b3d7eaed8e2e5025b5b5b85836123ce587822;FR (FR);Les Coulisses de l'été;A la découverte de l'envers du décor des sites et lieux très fréquentés de l'été.;;RTL;;39;0;0;0;Reportages Culturels;Information,Society & Culture;;http://www.rtl.fr/podcast/les-coulisses-de-l-ete.xml;http://is4.mzstatic.com/image/thumb/Music1/v4/72/be/1e/72be1eb7-b0bf-9ec3-a87e-37b87a1c8c2c/source/100x100bb.jpg;http://is4.mzstatic.com/image/thumb/Music1/v4/72/be/1e/72be1eb7-b0bf-9ec3-a87e-37b87a1c8c2c/source/600x600bb.jpg
328162;0;bfac9b7843e00f8980f3959eebd384a03642914c;FR (FR);Bleu en Herbe;Dans les coulisses des débuts des Bleus : les premiers pas des hommes de Deschamps avec un ballon dans leur région d'origine. Là où tout a commencé, tout s'est décidé. Philippe Sanfourche et Jérome Millagou vous donne rendez-vous à 18h25 dans RTL Soir, du 23 mai au 5 juin.;;RTL;2016-05-23 16:25:00 UTC;1;0;0;0;Sport;football,RTL,Sport,Sports & Recreation;;http://www.rtl.fr/podcast/bleu-en-herbe.xml;http://is1.mzstatic.com/image/thumb/Music18/v4/90/2c/22/902c224c-e999-9948-bd53-cb9a65a2e52e/source/100x100bb.jpg;http://is1.mzstatic.com/image/thumb/Music18/v4/90/2c/22/902c224c-e999-9948-bd53-cb9a65a2e52e/source/600x600bb.jpg